Avulsion Name,source,geometry,num_icesat_measurements,num_fabdem_measurements,method_used,dist_mtn_front_to_avulsion_m,total_transport_distance_m,normalized_distance,geomorphology,sar1,sar2,sar3,sar_mean,sar1_distance_m,sar2_distance_m,sar3_distance_m,sm1,sm2,sm3,are1_m,fpe1_m,wse1_m,are2_m,fpe2_m,wse2_m,are3_m,fpe3_m,wse3_m,width_m,discharge_min_cms,discharge_mean_cms,discharge_max_cms,se_1,se_2,se_3,se_std,sm_mean,gamma,spr,gamma_error_upper,gamma_error_lower,corrected_discharge,xgb_depth,har1_m,har2_m,har3_m,a,b,a1,b1,a2,b2,a3,b3,a_over_b,beta,beta_sem,lambda,ab_flag,beta_uncertainty,sar_mean_error,sm_mean_error,log_gamma,log_sar_mean_SE,log_sm_mean_SE,log_gamma_error,yerr_upper_relative,yerr_lower_relative,se_max1,se_max2,se_max3
A002,edmonds et. al. 2016,POINT (-73.76116 4.04425),0,3,3,1200,1787150.0,0.00067146,Fan,0.018,0.0018,0.001,0.0123333333333333,500.00000000000006,6666.666666666667,12000.0,0.00813,0.00791,0.00821,519.0,510.0,511.0,515.0,503.0,507.0,512.0,500.0,504.0,700.0,47.718,146.909,240.381,1.102763033894126,1.470350711858834,1.470350711858834,0.2122268448237139,0.0080833333333333,1.5257731958762888,0.0830672164948453,0.8651452846671861,0.5520955635358601,1199.0266303195951,0.16131818,9.0,12.0,12.0,8.0,0.16131818,8.0,0.16131818,8.0,0.16131818,8.0,0.16131818,49.59143386034207,1.35159003494054,0.040843075329412,2.0564698959675103,True,0.19028303344099215,0.005538150513584,8.969082698049136e-05,0.4225012952607327,0.449039230831138,0.0110957724099576,0.4491762983404107,0.5670208960318719,0.5520955635358601,1.102763033894126,1.4703507118588344,1.4703507118588344
A004,edmonds et. al. 2016,POINT (-73.394282 3.976931),1,2,3,42892,1792545.0,0.023927991,Fan,0.002,0.00055,0.00102,0.0016733333333333,1900.0000000000057,15454.545454545454,6078.431372549008,0.005,0.00315,0.00392,306.6,302.8,304.4,275.5,267.0,273.5,266.2,260.0,264.2,850.0,56.0,188.5,318.0,0.3870967740074741,0.5161290320099776,0.838709677016209,1.199183208838911,0.0040233333333333,0.4159072079536039,5.947305136702568,0.1388062905619808,0.1040727094410309,1624.9920215251657,0.1,3.8000000000000114,8.5,6.199999999999989,2.066666666666682,0.1,2.200000000000045,0.1,2.0,0.1,2.0,0.1,20.66666635870949,3.025652432140416,0.2307829161436081,1.1995004974639614,True,1.2622450331477086,0.0004271221527073,0.0005365424286836,-0.8772931014058027,0.255252282494413,0.1333576873281713,0.287989583992418,0.3337434117695435,0.1040727094410309,1.652173911973046,4.047619044746941,2.952380950285999
A012,edmonds et. al. 2016,POINT (-72.03524 7.49524),2,1,1,458588,1448956.0,0.316495463,Alluvial Plain,0.005,0.006,0.00885,0.0062833333333333,459.9999999999994,598.3333333333339,225.9887005649709,0.00026,0.00047,0.00018,56.8,54.5,54.2,67.29,63.7,65.69,65.6,63.6,63.0,130.0,297.4,631.1,915.058,0.21049252142608,0.1555814288801465,0.1830369751531126,0.0773155202898876,0.0003033333333333,20.71428571428571,1043.391636263736,8.361003948929156,5.956680970766291,5122.891522564735,10.926754,2.299999999999997,3.5900000000000034,1.999999999999993,2.2666666666666657,10.926754,2.5999999999999943,10.926754,1.6000000000000083,10.926754,2.5999999999999943,10.926754,0.2074419051735282,0.24088873296788543,0.0148793788173008,4.985796462474262,False,0.0677731075549994,0.0011533766851197,8.647414514048565e-05,3.0308235933652607,0.1835612761463762,0.2850795993642384,0.3390650676111605,0.40363467339658,5.956680970766291,0.21049252142608,0.3285513703998386,0.1830369751531126
A018,edmonds et. al. 2016,POINT (-73.834088 3.761262),0,3,2,9827,2261252.155,0.004345822,Fan,0.007,0.006,0.00215,0.0053833333333333,285.7142857142857,333.3333333333333,1395.3488372093022,0.01,0.01034,0.01121,528.0,526.0,526.0,534.0,532.0,532.0,524.0,521.0,522.0,300.0,17.0,56.0,97.0,1.0,1.0,1.5,0.2886751345948129,0.0105166666666666,0.5118858954041204,0.4132318858954041,0.1632177159209465,0.123757072630707,447.36536374713313,1.4197252,2.0,2.0,3.0,2.0,1.4197251,2.0,1.4197252,2.0,1.4197252,2.0,1.4197252,1.408723460405657,1.1739255734264147,0.0555555555555555,0.5972002113048073,True,0.2744607948533647,0.001478456402243,0.000360293090568,-0.6696535393185563,0.2746358641937472,0.0342592479145575,0.2767644376886552,0.3188556617526851,0.123757072630707,1.0,1.0,1.5
AFR0211_1998,brooke et. al. 2022,POINT (13.4899897969271 -12.4504207595308),2,1,1,7304,9426.0,0.774877997,Delta,0.0033,0.00452,0.00119,0.0025966666666666,727.2727272727268,530.9734513274334,1100.8403361344533,0.00118,0.00131,0.0011,28.5,26.1,25.75,28.4,26.0,25.75,7.04,5.73,4.39,72.0,25.24,215.65,611.0,0.2551417264399021,0.2186929083770588,0.0637854316099755,0.0573441776576163,0.0011966666666666,2.1699164345403896,647.5303596100277,0.9969580196397064,0.6831074684718181,3303.383965128915,10.974293,2.3999999999999986,2.3999999999999986,1.3099999999999996,2.683333333333333,10.974293,2.75,10.974293,2.6499999999999986,10.974293,2.6500000000000004,10.974293,0.2445108211715727,0.1857526017818903,0.0110358921356941,0.402704444859642,False,0.052303855199200375,0.0009726652958637,6.119186583561936e-05,0.7746886573824696,0.3745822705508786,0.0511352639294869,0.3780564675127115,0.4594453517980163,0.6831074684718181,0.2186929083770587,0.2186929083770587,0.1193698791558112
ANGO2_2003,brooke et. al. 2022,POINT (13.078039097642 -12.8841118948639),0,3,3,12690,30020.0,0.422718188,Delta,0.0033,0.0024,0.0017,0.0027666666666666,896.9696969696972,1266.666666666668,1870.5882352941176,0.0042,0.00163,0.00212,30.45,27.49,28.3,34.74,31.7,32.5,31.98,28.8,30.0,395.0,14.0,106.0,415.0,1.006359372324993,0.9024748919193196,1.021158774859183,0.0694758209282625,0.00265,1.0440251572327044,159.51629735849056,0.424485189473015,0.3017841976235849,2169.9891964822905,1.1285148,2.960000000000001,3.0400000000000027,3.18,2.123333333333333,1.1285148,2.1499999999999986,1.1285148,2.240000000000002,1.1285148,1.9800000000000004,1.1285148,1.8815290645733715,0.9582782309436884,0.0133706279717008,0.9842788434848224,True,0.16264056828736057,0.0004630814663149,0.0007878028518184,0.0430835861363121,0.1673788432463832,0.2972840950258423,0.3411649312602797,0.406585211603671,0.3017841976235849,0.9028478474677166,0.9024748919193196,1.0229965879759777
ARG_001_2001,brooke et. al. 2022,POINT (-65.1122559275333 -27.4264093313781),2,1,1,85812,104580.0,0.8205393,Delta,0.00402,0.0026,0.00442,0.0041533333333333,895.5223880597072,861.5384615384432,791.8552036199094,0.00056,0.00052,0.00058,306.6,303.0,304.2,306.9,304.66,304.9,282.0,278.5,280.25,250.0,17.2,89.3,248.6,0.7353190534461419,0.6740424656589634,0.8578722290204989,0.185785655928604,0.0005533333333333,7.506024096385543,1482.9023493975903,1.0997129628023714,0.9591824548124208,1243.628880712951,4.0798616,3.6000000000000227,2.2399999999999523,3.5,2.050000000000012,4.0798616,2.400000000000034,4.0798616,2.0,4.0798616,1.75,4.0798616,0.5024680198548664,0.77210353820525,0.0357544661539835,5.727830273860065,False,0.18380853628519486,0.0005522076903967,1.763834207376395e-05,2.015705910990856,0.1329553026637484,0.0318765218200553,0.1367231697619442,0.1465107157505566,0.9591824548124208,0.8823828641353758,0.5490382265731075,0.8578722290204989
B1,valenza et. al. 2020,POINT (-62.9795 -17.0815),1,2,2,272652,3803124.369,0.071691581,Fan,0.0016,0.00119,0.0014,0.0015333333333333,1926.2243125000111,4621.848739495798,5535.714285714285,0.00048,0.00037,0.00041,272.1743051,269.0923462,267.3,251.5,246.0,246.8,255.75,248.0,251.04,400.0,40.911,155.44,399.59,0.6322868258698062,1.17021276595745,1.645435244161356,0.5068974975765328,0.00042,3.6507936507936503,170.6942404761905,0.4192421088629854,0.376057243612883,2082.5951027660103,3.4464846,3.081958900000018,5.5,7.75,4.7614350333333375,3.4464846,4.874305100000015,3.4464846,4.699999999999989,3.4464846,4.710000000000008,3.4464846,1.3815338332490397,1.1493617052451295,0.0975524688924529,4.195899535859157,True,0.4197962287287828,0.0001183685393637,3.214550253664319e-05,1.294944582531662,0.0771968734981074,0.0765369108015314,0.108707203040665,0.1148358819929047,0.376057243612883,0.6322868258698062,1.1702127659574495,1.645435244161356
B10,valenza et. al. 2020,POINT (-65.2038 -16.2728),0,3,1,99648,3322367.305,0.029993071,Alluvial Plain,0.0029,0.00812,0.0018,0.0025333333333333,1379.3103448275865,849.7536945812815,3594.444444444444,0.00019,0.00023,0.0005,184.0,180.0,179.0,188.4,181.5,183.4,186.47,180.0,181.47,164.0,68.798,432.547,1002.5,0.354534791762676,0.6115725157906167,0.5734600256761284,0.1387138610715421,0.0003066666666666,8.26086956521739,97.80349239130436,10.729484673761904,4.667362824123404,5656.841073616887,11.282391,4.0,6.900000000000006,6.469999999999999,5.0,11.282391,5.0,11.282391,5.0,11.282391,5.0,11.282391,0.443168489703345,0.5164501783488167,0.0266954950099957,4.239388308892608,False,0.11592891823619605,0.0019493702686879,9.735387911006824e-05,2.111529856231336,0.7694882639557611,0.3174583014458746,0.832401322393562,1.298832355244862,4.667362824123404,0.354534791762676,0.6115725157906167,0.5734600256761284
B12,valenza et. al. 2020,POINT (-65.859 -15.879),2,1,3,54520,3327891.0,0.016382748,Alluvial Plain,0.0044,0.0025,0.00736,0.0053866666666666,1000.0000000000013,2120.0000000000045,1603.2608695652189,0.00031,0.00027,0.00053,219.0,214.6,211.3,217.0,211.7,209.2,203.8,192.0,195.8,173.0,16.0,104.0,250.0,0.7252516969505731,0.8500261824474453,0.9202118305394368,0.3105495709228473,0.0003699999999999,14.558558558558564,44.2776972972973,5.926498143196671,4.211912689386141,1251.2391154098664,4.8231344,4.400000000000006,5.300000000000011,11.800000000000011,7.833333333333333,4.8231344,7.699999999999989,4.8231344,7.800000000000011,4.8231344,8.0,4.8231344,1.6241167356049382,0.5666930677971824,0.0597652927896762,8.208239507437337,True,0.2564983801087199,0.0014140407034845,8.08290376865476e-05,2.6781790377687065,0.2625075563399556,0.2184568586122908,0.3415166411909168,0.4070800085982861,4.211912689386141,0.3513497381425629,0.4198640228876986,0.9202118305394368
B14,valenza et. al. 2020,POINT (-66.5308 -14.677),2,1,1,168842,3422722.0,0.049329744,Alluvial Plain,0.002,0.00209,0.0034,0.0024666666666666,1435.4857000000009,2057.416267942576,2058.823529411765,0.00108,0.00043,0.00022,206.2709714,203.4,204.15,206.1,201.8,203.5,186.6,179.6,184.3,110.0,13.4,66.0,162.0,1.193285976784219,1.868274495669898,1.147654333054362,0.5596450234946646,0.0005766666666666,4.277456647398845,85.54290867052023,2.669342625674269,1.6436342709128555,780.984457451982,3.7467728,2.870971400000002,4.299999999999983,7.0,2.340323799999993,3.7467728,2.120971400000002,3.7467728,2.5999999999999943,3.7467728,2.299999999999983,3.7467728,0.6246238953070352,1.2709835716037459,0.1077037349884263,5.392704566380614,False,0.4889203825238491,0.0004524132820527,0.0002588650442047,1.4533585917004368,0.1834107900214015,0.4488989205862179,0.4849224255484028,0.624049019245471,1.6436342709128555,0.7662518063453865,1.1476543330543616,1.8682744956698984
B2,valenza et. al. 2020,POINT (-64.1351 -17.4241),0,3,3,13062,3639791.0,0.003588668,Alluvial Plain,0.005,0.00126,0.00798,0.0059933333333333,739.9999999999977,2976.190476190476,641.6040100250633,0.00459,0.00324,0.0056,289.7,286.0,284.7,288.0,284.25,283.0,290.9,285.78,285.9,60.0,2.826,11.906,28.769,0.6038662256477557,0.6120265800484029,0.8356202906260869,0.1315108901877342,0.0044766666666666,1.3387937453462395,0.8016384214445271,0.5772902231452046,0.4033604751700036,119.46178452422232,1.1271849,3.6999999999999886,3.75,5.1200000000000045,5.0,1.1271849,5.0,1.1271849,5.0,1.1271849,5.0,1.1271849,4.43582959865103,0.6857356770234938,0.0253092826170852,0.9155176339507066,True,0.12496894914929106,0.0019440278918895,0.0006836259536065,0.2917690185083277,0.3243650542641038,0.152708701475771,0.3585144849712089,0.4312017628943325,0.4033604751700036,0.6038662256477557,0.6120265800484029,0.8356202906260869
B4,valenza et. al. 2020,POINT (-64.855 -17.216),0,3,2,7101,3255674.0,0.002181115,Fan,0.0029,0.00228,0.00127,0.0023566666666666,1206.896551724138,846.491228070166,2755.905511811024,0.00444,0.00343,0.00423,251.9,248.4,249.4,254.2,252.27,251.7,257.0,253.5,254.5,200.0,4.6,30.6,75.0,0.5776892430278908,0.7719999999999914,1.4,0.3625759690510899,0.0040333333333333,0.584297520661157,0.5407723140495868,0.1405230772638787,0.1132794596014675,338.30175172219845,1.7716706,3.5,1.9299999999999784,3.5,2.5,1.7716707,2.5,1.7716706,2.5,1.7716706,2.5,1.7716706,1.4110974467446888,1.1925625597511396,0.0697777777777787,0.6957035812672159,True,0.31558729819463094,0.0004750087718488,0.0003076975426905,-0.5373449726942141,0.201559592015062,0.0762886469480602,0.2155138668077857,0.2404991845676,0.1132794596014675,1.4,0.7719999999999914,1.4
B6,valenza et. al. 2020,POINT (-65.3985 -16.9729),0,3,3,3395,3549053.0,0.000956593,Fan,0.0052,0.0046,0.004,0.0048,1923.076923076923,1652.1739130434833,3109.9999999999995,0.00352,0.0033,0.00332,258.0,248.0,255.7,262.3,254.7,261.0,253.44,241.0,250.8,1400.0,22.937,150.4,372.27,4.166666664079639,5.428571422793399,4.540145982932378,0.6482270929064117,0.0033799999999999,1.4201183431952662,0.2830156804733728,0.1107592958036316,0.1027458391468745,1928.3774504418627,0.1,10.0,7.600000000000023,12.439999999999998,2.080000000000003,0.1,2.300000000000012,0.1,1.3000000000000114,0.1,2.6399999999999864,0.1,20.799999690055884,5.016088204102643,0.1247513621951751,6.691306068546942,True,1.7375635976898143,0.0003464101615137,7.023769168568496e-05,0.3507402084189177,0.0721687836487032,0.020780382155528,0.0751009827889297,0.0779930041283906,0.1027458391468745,4.16666666407964,5.428571422793399,4.540145982932378
B9,valenza et. al. 2020,POINT (-65.8384 -16.3225),0,3,3,57327,3491013.0,0.016421308,Alluvial Plain,0.0015,0.00289,0.00335,0.0021166666666666,4919.999999999997,3439.446366782006,2298.5074626865635,0.00046,0.00084,0.00092,231.6,224.22,224.0,228.09,218.15,220.49,229.0,221.3,221.4,159.0,10.0,64.0,152.0,0.6993321936755099,0.9419189708854432,0.7296555408267509,0.1321764058621645,0.0007399999999999,2.8603603603603607,22.19095675675676,1.0994555736451068,0.7941882130997548,728.7543832638571,2.9529247,7.3799999999999955,9.939999999999998,7.699999999999989,7.599999999999994,2.9529247,7.599999999999994,2.9529247,7.599999999999994,2.9529247,7.599999999999994,2.9529247,2.5737195150702448,0.7897472215077628,0.0254373611683459,2.2605491860678564,True,0.11455304042004555,0.0005560875230872,0.0001418919776919,1.0509476170204115,0.2627185148443789,0.1917459157999348,0.3252499258539374,0.3843765942507302,0.7941882130997548,0.6993321936755099,0.9419189708854432,0.7296555408267509
BETSIBOKA_2004,brooke et. al. 2022,"POINT (46.93067, -16.79922)",0,3,2,3739,1773360.0,0.002108427,Fan,0.00268,0.00162,0.00283,0.00273,1305.9701492537313,1987.6543209876536,1060.070671378092,0.00123,0.0015,0.0015,44.0,40.5,41.0,43.72,40.5,40.72,43.5,40.5,40.5,1000.0,49.144,331.6,1027.6,1.166666666666667,1.073333333333333,1.0,0.0835330939076111,0.0014099999999999,1.9361702127659577,1.4953382978723406,0.3209976810348032,0.2753477710246912,5810.870603788062,2.4348886,3.5,3.219999999999999,3.0,3.0,2.4348886,3.0,2.4348886,3.0,2.4348886,3.0,2.4348886,1.2320892209994592,1.0819438500082514,0.0160759514179338,2.091063829787234,True,0.1126811707363461,0.0003808032446173,9.000000000000002e-05,0.6607119048067913,0.139488367991708,0.0638297872340425,0.1533989782995092,0.1657900110839093,0.2753477710246912,1.1666666666666667,1.073333333333333,1.0
BS0115_1995,brooke et. al. 2022,POINT (49.3618479181036 39.3320648834311),3,0,1,394459,398745.0,0.989251276,Delta,0.0015,0.00083,0.0047,0.0025666666666666,866.6666666666695,1879.5180722891507,312.7659574468083,0.00044,0.00014,2e-05,-35.3,-36.6,-37.37,-35.6,-37.16,-37.7,-35.4,-36.87,-37.45,130.0,203.0,703.0,1890.0,0.1157643763363364,0.1389172516036028,0.1309027947803183,0.0117576844680332,0.0002,12.833333333333334,4946.25638,15.127099446442871,6.943065262677137,11265.067313818568,11.229707,1.3000000000000045,1.5599999999999952,1.4699999999999989,2.0733333333333355,11.229707,2.0700000000000003,11.229707,2.1000000000000014,11.229707,2.0500000000000043,11.229707,0.1846293386697463,0.12884117710040216,0.0022627674308885,1.6494444749699904,False,0.024321667695494802,0.0011941012426832,0.0001248999599679,2.5520459526256296,0.4652342503960871,0.6244997998398398,0.778744443152957,1.178735021800743,6.943065262677137,0.1157643763363363,0.1389172516036027,0.1309027947803183
CA0067_1986,brooke et. al. 2022,POINT (-88.3129189699068 15.6817041034841),1,2,1,144786,156089.0,0.927586185,Delta,0.003,0.005,0.002,0.0026666666666666,963.6666666666666,400.0,1360.0,0.00017,0.00048,0.00048,6.091,3.2,2.091,3.5,1.5,0.1,6.2,3.48,2.2,97.0,129.62,309.492,622.725,0.254480685191433,0.1760502837713131,0.2394283859289858,0.0416226769384106,0.0003766666666666,7.079646017699115,2462.618190265487,3.800243862229968,2.472854194522164,3372.3068210756232,11.360391,2.891,2.0,2.72,3.8,11.360391,4.0,11.360391,3.4,11.360391,4.0,11.360391,0.3344955391654948,0.22361534826642204,0.0080102879115947,1.5810250262931729,False,0.04119553015944388,0.0008819171036881,0.0001033333333333,1.9572239089555872,0.3307189138830739,0.2743362831858407,0.4296922110909411,0.5367844455399828,2.472854194522164,0.254480685191433,0.176050283771313,0.2394283859289858
CA0194_2007,brooke et. al. 2022,POINT (-91.7773631931101 14.2030613238809),0,3,1,67618,69590.0,0.971662595,Delta,0.00175,0.00244,0.0044,0.0026333333333333,857.1428571428571,1434.426229508197,886.3636363636364,0.00183,0.0024,0.00178,6.0,4.5,5.0,7.0,3.5,6.0,8.3,4.4,7.3,75.0,13.93,72.2,154.0,0.2976984481718116,0.6946297124008939,0.2976984481718116,0.255191099222979,0.0020033333333333,1.3144758735440931,485.0229259567388,0.4909194310713296,0.3574296146376176,739.1772747008723,5.0386558,1.5,3.5,3.9,1.0000000000000002,5.0386558,1.0,5.0386558,1.0,5.0386558,1.0000000000000009,5.0386558,0.1984656321145411,0.5938394390305372,0.0491115499437278,0.7739389125886516,False,0.22080426625840463,0.0007937323926306,0.0001988578498436,0.2734380109258598,0.3014173642901047,0.0992634857788662,0.3173415622079227,0.3734716178150241,0.3574296146376176,0.2976984481718116,0.6946297124008939,0.7740159652467103
CA0318-1_2002,brooke et. al. 2022,POINT (-111.414580827171 26.2184921970802),0,3,3,14514,18893.0,0.768221034,Delta,0.0094,0.015,0.025,0.0146,117.02127659574482,66.66666666666667,40.0,0.00245,0.00268,0.00273,-30.2,-31.3,-34.4,-29.9,-30.9,-34.3,-30.2,-31.2,-34.09,140.0,0.001,0.424,1.315,0.3658536584036184,0.5487804876054276,0.5439024388267129,0.0180836950551166,0.0026199999999999,5.572519083969468,293.21413511450385,2.057461366475718,1.5026568945595231,4.1831534325483135,0.1,1.1000000000000014,1.0,1.0,4.163333333333334,0.1,4.199999999999999,0.1,4.399999999999999,0.1,3.890000000000004,0.1,41.63333271294834,0.2450451102957706,0.0034802087360049,1.353495678284183,True,0.06557742733097308,0.0045626503019383,8.621678104251708e-05,1.7178472109412857,0.3125102946533091,0.0329071683368385,0.3142380721558848,0.3692156698744095,1.5026568945595231,0.255813953399723,0.2222222221486363,0.2506265663224402
CASP1_1991,brooke et. al. 2022,POINT (49.9288182362538 37.4460645708543),0,3,1,91366,95066.0,0.961079671,Delta,0.0011,0.0016,0.0018,0.0013333333333333,636.3636363636357,687.4999999999986,255.55555555555603,0.00055,0.00055,0.00047,-25.1,-25.8,-28.1,-25.6,-26.7,-28.6,-25.38,-25.84,-28.0,155.0,74.9,313.8,1338.7,0.0706316239111445,0.11099255186037,0.0464150671416094,0.0326233496627196,0.0005233333333333,2.5477707006369426,1836.4579700636943,0.4547393548048166,0.3858676851051532,7744.973612147867,9.910575,0.6999999999999993,1.099999999999998,0.4600000000000008,2.873333333333333,9.910575,3.0,9.910575,3.0,9.910575,2.620000000000001,9.910575,0.2899259991019366,0.07620281020704622,0.0062783665698794,0.1936639005631625,False,0.036519634548741964,0.0002081665999466,2.6666666666666684e-05,0.935218741759674,0.1561249499599599,0.0509554140127388,0.1642298822297867,0.1784851967608905,0.3858676851051532,0.0706316239111445,0.1109925518603699,0.0464150671416094
CON_001_2013,brooke et. al. 2022,POINT (30.4596184962936 1.25727501036791),0,3,1,100204,102186.0,0.980603997,Delta,0.0135,0.00105,0.00718,0.0113933333333333,50.370370370366665,971.4285714285542,44.56824512535516,0.001109,0.00021,0.00018,624.18,623.5,622.18,624.22,623.2,622.22,623.69,623.37,621.69,97.0,197.0,236.0,288.0,0.095877972261563,0.1438169583923526,0.0451190457701576,0.0493556699981308,0.0004996666666666,22.801867911941297,1962.516338225484,22.51016396810269,11.327538496521724,1459.1502217211423,7.0923486,0.67999999999995,1.0199999999999818,0.32000000000005,2.0,7.0923486,2.0,7.0923486,2.0,7.0923486,2.0,7.0923486,0.2819940360634415,0.09594653828553391,0.0094985031198183,2.164763556632161,False,0.05324564663179684,0.0035941449299906,0.0003047897271526,3.1268424585669843,0.3154603507891185,0.609986111713079,0.6867301430713776,0.98720701545307,11.327538496521724,0.095877972261563,0.1438169583923526,0.0451190457701576
CON_002,brooke et. al. 2022,POINT (29.4538505637586 -0.640707948709366),0,3,1,101849,105921.0,0.961556254,Delta,0.0015,0.0017,0.002,0.0016666666666666,466.666666666697,882.3529411764706,500.0,0.00018,0.00013,0.000306,917.6,916.9,916.1,918.0,916.5,916.5,918.0,917.0,916.5,117.5,26.0,40.0,57.0,0.2524266772910257,0.5409143084807342,0.3606095389871561,0.1457386100845995,0.0002053333333333,8.116883116883118,4682.903834415584,2.5106239719799017,1.9175184886360643,251.0871897578528,2.7730825,0.7000000000000455,1.5,1.0,1.5,2.7730825,1.5,2.7730825,1.5,2.7730825,1.5,2.7730825,0.5409143084807342,0.3903412925749458,0.0280474085878884,3.1221605107113537,False,0.16368945967155424,0.0001452966314513,5.2361987908957184e-05,2.093946227882718,0.0871779788708134,0.2550096813747914,0.2694994203980273,0.3093088733479238,1.9175184886360643,0.2524266772910257,0.5409143084807342,0.3606095389871561
ECN0095_1999,brooke et. al. 2022,POINT (-60.1169896708669 53.7618267466967),1,2,2,50561,51362.0,0.984404813,Delta,0.0025,0.00216,0.00191,0.0023033333333333,639.9999999999999,277.7777777777778,471.2041884816754,0.00139,0.00213,0.00189,-7.0,-8.6,-8.5,2.5,1.9,1.0,2.1,1.2,0.6,72.0,5.558,12.98,37.0,1.066666666666666,0.4000000000000001,0.6000000000000001,0.3421067626297921,0.0018033333333333,1.2772643253234752,545.8806726432533,0.1946521598530319,0.1689105748398673,157.01582662681315,1.4177214,1.5999999999999996,0.6000000000000001,0.9000000000000001,1.5,1.4177214,1.5,1.4177214,1.5,1.4177214,1.5,1.4177214,1.0580358100076273,0.6899042568734484,0.0658384771653006,0.879893201889505,True,0.3270453914430612,0.0001709775813764,0.0002179704363236,0.2447205449211882,0.0742304984268142,0.1208708519354662,0.1418447381621845,0.1523977112597543,0.1689105748398673,1.0666666666666664,0.4000000000000001,0.6000000000000001
G1,valenza et. al. 2020,POINT (145.527 -5.726),0,3,3,65678,330685.0,0.198611972,Fan,0.006,0.006,0.002,0.0046666666666666,1000.0,1166.6666666666667,5500.0,0.00303,0.00304,0.00295,159.0,153.0,157.5,160.0,153.0,157.5,164.0,153.0,161.5,500.0,46.79,96.162,156.667,3.154060337460873,2.411872059863455,3.790084665499715,0.6897874517553665,0.0030066666666666,1.5521064301552108,66.05719689578714,0.5136247694425453,0.3859167676288155,753.0943757586597,0.40230983,6.0,7.0,11.0,2.1666666666666665,0.4023098,1.5,0.40230983,2.5,0.40230983,2.5,0.40230983,5.385567636943321,3.2226567664411805,0.1327496569848622,4.840511414617023,True,0.854120046457845,0.0013333333333333,2.848001248439185e-05,0.4396129955407266,0.2857142857142857,0.0094722879659839,0.2858712600114517,0.3309211014551256,0.3859167676288155,3.154060337460873,2.411872059863455,3.790084665499715
G11,valenza et. al. 2020,POINT (146.6991 -6.5762),0,3,3,6767,48328.0,0.140022347,Fan,0.00349,0.0033,0.0027,0.0032266666666666,5530.085959885386,5606.060606060606,3888.8888888888887,0.00626,0.0066,0.00672,81.5,62.2,80.5,82.5,64.0,81.5,70.5,60.0,69.0,500.0,7.36,13.6,23.6,2.025521622147833,1.282830360693631,2.025521622147833,4.315895496206945,0.0065266666666666,0.4943820224719102,21.45388360572012,0.0394336606433177,0.1,96.33584779421666,0.48109996,19.3,18.5,10.5,1.1666666666666667,0.48109996,1.0,0.48109996,1.0,0.48109996,1.5,0.48109996,2.4249984534094664,11.250425370589769,0.8305944755097912,5.079224596749867,True,5.8022832801715145,0.0002380709511422,0.0001377598554651,-0.7044467358138791,0.0737823195688805,0.0211072301529845,0.0767420735040139,0.0797635408467109,0.0999999999999999,13.030855769151056,12.490716669911636,5.300085909396726
G21,valenza et. al. 2020,POINT (139.3009 -4.7231),0,3,3,11044,236165.0,0.046763915,Fan,0.0075,0.00371,0.0107,0.0085666666666666,1200.0,2695.4177897574123,1028.03738317757,0.00428,0.00524,0.01001,87.0,78.0,84.0,90.0,80.0,87.0,80.0,69.0,77.0,752.0,209.67,325.35,442.0,2.903225805056083,3.225806450062314,3.548387095068545,0.3225806450062314,0.0065099999999999,1.3159242191500258,7.183397081413212,0.5704598803512264,0.3979475721864289,2323.784534578781,0.1,9.0,10.0,11.0,3.0,0.1,3.0,0.1,3.0,0.1,3.0,0.1,29.99999955296517,3.2868103783503684,0.0620806740765702,4.244916833927366,True,0.54661186769111,0.0020202337598516,0.0017718069872308,0.2745392470125862,0.2358249525118689,0.2721669719248591,0.3601225747352868,0.4335051153019241,0.3979475721864289,2.903225805056082,3.225806450062314,3.548387095068545
G6,valenza et. al. 2020,"POINT (135.16649, -3.96488)",0,3,2,11527,83087.0,0.138734098,Fan,0.008,0.0175,0.01566,0.0105533333333333,750.0,62.85714285714253,376.7560664112392,0.0076,0.00725,0.00485,46.6,40.6,45.6,141.6,140.5,140.5,44.7,38.8,43.7,550.0,49.14,66.035,78.584,6.0,1.0,5.900000000000006,2.858321185591292,0.0065666666666666,1.6071065989847713,21.12702,0.5741119397760432,0.4230016711182953,355.89995877259537,1.0824869,6.0,1.0999999999999943,5.900000000000006,1.0333333333333314,1.0824869,1.0,1.0824869,1.0999999999999943,1.0824869,1.0,1.0824869,0.9545920269070084,4.34982195406057,0.5500841686438476,6.910558375634519,False,2.4184814837145403,0.0029089058653269,0.0008642594774976,0.4744354187089223,0.2756385848383054,0.1316131184006514,0.3054482646649143,0.3572332663799132,0.4230016711182953,6.0,1.0,5.900000000000006
G9,valenza et. al. 2020,POINT (136.3711 -3.0491),0,3,3,7527,70466.0,0.106817472,Fan,0.032,0.00963,0.02293,0.0289766666666666,234.375,425.7528556593979,156.99956389010038,0.00449,0.00488,0.00485,44.5,37.0,40.5,41.1,37.0,37.1,33.6,30.0,29.6,95.0,17.4,24.2,29.34,1.626361725566478,0.8890777433096748,0.7806536282719096,0.4601749024453948,0.00474,6.113220815752461,22.535331645569617,1.548130645926875,1.2352996122840727,122.03979744971288,0.61152023,7.5,4.100000000000001,3.6000000000000014,4.0,0.61152023,4.0,0.61152023,4.0,0.61152023,4.0,0.61152023,6.541075501235087,1.1136682501423598,0.0885607012670528,6.716581644047845,True,0.40209847301344553,0.0064960321222522,0.0001252996408614,1.8104537727158776,0.2241814835701922,0.0264345233884845,0.2257346265031324,0.2532430436567372,1.2352996122840727,1.626361725566478,0.8890777433096748,0.7806536282719096
H013,edmonds et. al. 2016,POINT (94.87444 27.64193),0,3,2,14662,1216890.0,0.012048747,Fan,0.0083,0.00094,0.00043,0.0056766666666666,542.1686746987951,5212.765957446814,10930.232558139542,0.00087,0.00088,0.00126,112.0,107.5,109.5,111.9,107.0,109.4,111.7,107.0,109.2,850.0,14.0,139.0,367.0,1.8,1.960000000000002,1.880000000000001,0.080000000000001,0.0010033333333333,5.6578073089701,12.008717940199336,3.3568700467964065,2.1068445532194686,1898.739181994518,1.8008419,4.5,4.900000000000006,4.700000000000003,2.5,1.8008419,2.5,1.8008419,2.5,1.8008419,2.5,1.8008419,1.3882395571671295,1.8819752229290214,0.0153960071783902,10.636677740863796,True,0.13975979423221713,0.0025425992824491,0.0001283657967597,1.733036415913812,0.4479035729505317,0.1279393323187356,0.4658176503912407,0.5933164322288422,2.1068445532194686,1.8,1.9600000000000024,1.8800000000000008
H3,valenza et. al. 2020,POINT (86.046 26.9138),0,3,3,4154,29946.0,0.138716356,Fan,0.006,0.0075,0.0066,0.0062,883.3333333333352,422.666666666665,460.6060606060637,0.00635,0.0073,0.00738,153.8,148.5,151.1,159.17,156.0,156.47,161.8,158.76,159.1,190.0,0.129,1.422,4.791,0.8707431525330479,0.6147277052326819,0.6096149031190085,0.4248590235087574,0.00701,0.884450784593438,19.788353209700432,0.0781522907262837,0.1,17.04107596072084,0.28675473,5.300000000000011,3.1699999999999875,3.0400000000000205,2.700000000000008,0.28675473,2.700000000000017,0.28675473,2.6999999999999886,0.28675473,2.700000000000017,0.28675473,9.41571225285009,1.3128610351174703,0.0817641571968075,1.136130400152452,True,0.41850260251005633,0.000435889894354,0.0003308070938376,-0.1227884089954525,0.0703048216700108,0.047190740918357,0.0846742816826663,0.0883625093534272,0.0999999999999999,1.774501250954175,1.0613526350046707,1.017827132622777
JA_26_Ethiopia_1989_2002_2005_2007_1989,brooke et. al. 2022,POINT (36.193231746103 4.71644805248214),0,3,3,15644,24039.0,0.650775823,Fan,0.00714,0.0058,0.0066,0.00696,1400.560224089636,1241.3793103448256,1363.6363636363635,0.00833,0.0075,0.0086,444.0,434.0,438.5,434.0,426.8,431.4,440.0,431.0,434.6,350.0,1.759,3.193,5.471,1.740902309090611,2.531514095514395,1.594572019285408,0.504040343086901,0.0081433333333333,0.8546868604175194,79.91516451084732,0.0611790019636746,0.1,19.684099892777827,0.2441477,10.0,7.199999999999989,9.0,4.5,0.2441477,5.5,0.2441477,2.6000000000000227,0.2441477,5.399999999999977,0.2441477,18.43146564049199,1.9815775943755018,0.0970026092545512,1.6714793053736094,True,0.509809538367657,0.0003892442820532,0.0003309749906631,-0.1570201222552114,0.0559259025938505,0.0406436746618634,0.06913475877557,0.0715806043090312,0.0999999999999999,1.7409023090906106,2.5315140955143947,1.5945720192854085
JA_30_Eritrea_2007_2007,brooke et. al. 2022,POINT (39.3043664218351 15.8260313985657),0,3,3,45456,53106.0,0.85594848,Delta,0.00175,0.0022,0.0035,0.0023333333333333,514.2857142857134,454.5454545454545,157.14285714285734,0.00278,0.00271,0.00277,21.0,20.1,19.8,22.0,21.0,20.8,24.55,24.0,23.35,200.0,2.844,7.788,15.883,0.4290090738798302,0.4766767487553676,0.2001559232386567,0.1126343213969699,0.0027533333333333,0.8474576271186441,310.8771719128329,0.2138310387684369,0.1707478375523281,62.655011272302495,0.8978577,0.8999999999999986,1.0,0.5500000000000007,1.1999999999999993,0.8978577,1.1999999999999993,0.8978577,1.1999999999999993,0.8978577,1.1999999999999993,0.8978577,1.33651464564834,0.4092049338386386,0.0216764852595104,0.3299033995623306,True,0.18466890121916105,0.0005246692079565,2.1858128414339915e-05,-0.1655144384775733,0.2248582319813884,0.0079387875596876,0.224998330744283,0.2523206257467555,0.1707478375523281,0.4290090738798302,0.4766767487553676,0.2621722118154525
JA_8_India_2004_2004,brooke et. al. 2022,POINT (90.956522282251 26.7831043870666),0,3,1,800,754442.0,0.001060386,Fan,0.00648,0.00624,0.004,0.0056533333333333,694.4444444444445,974.358974358974,1177.500000000002,0.00243,0.0024,0.00221,104.0,99.5,102.0,105.52,99.44,103.5,104.03,99.32,102.0,480.0,32.3,339.14,923.219,1.46613430939072,1.980910355799017,1.534553910495623,0.2795561052916427,0.0023466666666666,2.409090909090909,0.4518690340909091,0.369626686811991,0.3204587224945485,5172.545221600765,3.069296,4.5,6.079999999999998,4.710000000000008,2.0166666666666657,3.069296,2.0,3.069296,2.019999999999996,3.069296,2.030000000000001,3.069296,0.6570453756899151,1.6920564554729811,0.0538005975479111,4.000374613807941,False,0.3379793964537994,0.0007897116210645,6.887992773257265e-05,0.8792494601938055,0.1396895556128382,0.029352241931494,0.142740064641001,0.1534299454691283,0.3204587224945485,1.4661343093907202,1.9809103557990169,1.5345539104956232
JAVA12_1985,brooke et. al. 2022,POINT (112.5820764904 -6.92009088498762),0,3,1,193151,202651.0,0.953121376,Delta,0.00125,0.003,0.005,0.0025,384.0,216.66666666666663,79.99999999999999,8e-05,0.000105,0.0001,2.0,1.52,0.7,2.15,1.5,0.85,1.9,1.5,0.6,180.0,86.403,453.486,1102.052,0.0407327313805192,0.0551589070777864,0.0339439428170993,0.0108341812795543,9.5e-05,26.31578947368421,10032.856589473686,14.574690498905788,9.37979908943132,6269.641772986156,11.784135,0.48,0.6499999999999999,0.3999999999999999,1.2999999999999998,11.784135,1.3,11.784135,1.2999999999999998,11.784135,1.2999999999999998,11.784135,0.1103178141555728,0.04308074485819883,0.0020850391593999,1.1389086076789914,False,0.02275047009271746,0.0010833333333333,7.637626158259733e-06,3.270169119255752,0.4333333333333334,0.0803960648237866,0.440728153193018,0.5538382389584199,9.37979908943132,0.0407327313805192,0.0551589070777864,0.0339439428170993
JAVA2_1984,brooke et. al. 2022,POINT (110.583055602978 -6.7492807429905),0,3,1,150987,155005.0,0.974078256,Delta,0.0056,0.0015,0.00028,0.0038266666666666,51.785714285714256,280.0000000000001,1535.7142857142856,1e-05,0.00012,0.0001,1.65,1.36,0.35,1.82,1.4,0.5,1.76,1.33,0.46,100.0,5.304,26.697,77.8,0.0480101525038574,0.0695319450055867,0.0711874675057196,0.01293004407012,7.666666666666667e-05,49.91304347826088,12705.368556521738,41.90374928088311,22.77953299071827,352.0443133790891,6.040389,0.2899999999999998,0.4200000000000001,0.4299999999999999,1.3066666666666666,6.0403886,1.2999999999999998,6.040389,1.32,6.040389,1.3,6.040389,0.2163216237607932,0.06390600386539264,0.0024883881415058,3.1400223280783788,False,0.04223845746098922,0.0016090162626068,3.38296385503074e-05,3.9102823609503616,0.4204746330854151,0.4412561550040095,0.609512847606379,0.8395350465682154,22.77953299071827,0.0480101525038574,0.0695319450055867,0.0711874675057196
JAVA4_1973,brooke et. al. 2022,POINT (109.523087195822 -6.81114551952617),0,3,2,42756,46274.0,0.923974586,Delta,0.005,0.00285,0.0045,0.0048333333333333,300.0,561.4035087719299,311.11111111111114,0.0016,0.00125,0.0017,2.0,0.5,-0.3,2.1,0.5,-0.2,1.9,0.5,0.0,150.0,14.271,53.139,120.003,0.6521739130434783,0.6956521739130435,0.7368421052631579,0.0423392496914657,0.0015166666666666,3.186813186813186,609.2140127472527,0.5593763497060182,0.4758509707682634,563.7212628504823,1.5863149,1.5,1.6,1.4,2.1666666666666665,1.5863148,2.3,1.5863149,2.3000000000000003,1.5863149,1.9,1.5863149,1.3658491178522216,0.6967248750051711,0.0081481924022181,2.2144826950318937,True,0.124076741732286,0.0006495725089968,0.0001364225461978,1.159021416463669,0.1343943122062419,0.0899489315590379,0.1617177833202066,0.1755284407698195,0.4758509707682634,0.6521739130434783,0.6956521739130435,0.7368421052631579
JAVA7_1982,brooke et. al. 2022,POINT (107.87287682386 -6.21617638133206),0,3,1,79212,82817.0,0.95647029,Delta,0.001,0.0029,0.00113,0.0010433333333333,1200.0000000000002,172.41379310344828,796.4601769911504,0.00015,0.00019,0.00076,2.2,1.0,0.9,1.5,1.0,0.2,1.9,1.0,0.6,50.0,12.0,60.0,117.0,0.269241226783987,0.1121838444933279,0.2019309200879902,0.0787953428163719,0.0003666666666666,2.8454545454545457,2608.5553363636363,3.462172957370046,1.5618322062117431,548.4128771330872,4.4569697,1.2000000000000002,0.5,0.8999999999999999,1.3,4.4569697,1.3000000000000005,4.4569697,1.3,4.4569697,1.2999999999999998,4.4569697,0.2916779956826526,0.19563530934736081,0.015164170795307,0.5533043190828502,False,0.08792931906615695,0.0006128168114897,0.0001970053580771,1.0457228247477373,0.5873643560604481,0.5372873402104439,0.7960367910597589,1.2167381000342017,1.5618322062117431,0.269241226783987,0.1121838444933279,0.2019309200879902
KEN_001_1989,brooke et. al. 2022,POINT (36.032135150521 4.56857783852436),0,3,1,330720,339418.0,0.974373781,Delta,0.0016,0.00178,0.00066,0.0012866666666666,1512.5000000000098,1882.0224719101248,4666.666666666642,0.00019,0.00033,0.0002,367.42,365.0,365.42,367.75,364.4,365.75,367.5,364.42,365.5,97.0,152.815,901.531,2292.207,0.1576514086125863,0.2182364540711422,0.2006472473251075,0.0311677452766028,0.00024,5.361111111111111,4059.8907541666663,2.08737095926063,1.502403783344854,13891.922235144815,15.350323,2.420000000000016,3.3500000000000227,3.079999999999984,2.0,15.350323,2.0,15.350323,2.0,15.350323,2.0,15.350323,0.1302904203409795,0.1925914527470715,0.0059982353751601,1.0302895947380124,False,0.030493068249407226,0.0003472431104828,4.509249752822894e-05,1.6791712504487757,0.2698780651420812,0.1878854063676205,0.3288390122396662,0.3893541685667496,1.502403783344854,0.1576514086125862,0.2182364540711422,0.2006472473251074
MAHAJAMBA_2004,brooke et. al. 2022,POINT (47.3971630602024 -16.419699687911),3,0,1,4080,219560.0,0.01858262,Fan,0.0025,0.0024,0.0028,0.0026,1119.9999999999989,1208.3333333333328,999.999999999999,0.0016,0.0014,0.0015,57.0,54.2,55.6,57.6,54.7,55.7,57.0,54.2,55.0,500.0,37.88,310.1,943.11,0.7242240479446063,0.7500891925140568,0.7242240479446063,0.0149332481798008,0.0015,1.733333333333333,12.388413333333332,0.107462675974786,0.1011891797974455,5293.725610322274,3.866207,2.799999999999997,2.8999999999999986,2.799999999999997,1.7666666666666655,3.866207,1.3999999999999986,3.866207,1.8999999999999984,3.866207,2.0,3.866207,0.4569508873936208,0.7409655099113174,0.0028739049521611,1.270265988855222,False,0.10549873080551113,0.0001201850425154,5.7735026918962605e-05,0.5500463369192712,0.0462250163521024,0.038490017945975,0.0601517549056851,0.0619976976777612,0.1011891797974455,0.7242240479446063,0.7500891925140568,0.7242240479446063
MALAWI1_2014,brooke et. al. 2022,POINT (34.5760989448203 -13.886239975018),0,3,1,32038,35253.0,0.908802088,Delta,0.0028,0.0033,0.00307,0.00289,510.71428571428817,499.9999999999931,521.1726384364895,0.000615,0.000875,0.00095,478.7,477.27,476.7,478.75,477.1,476.75,478.6,477.0,476.6,100.0,5.15,43.75,128.09,0.2577947280173966,0.2974554554046828,0.2884416537257611,0.02079044641564,0.0008133333333333,3.5532786885245904,1117.3796163934426,0.5113057067508344,0.4469858402326592,605.1089901241243,5.547049,1.4300000000000068,1.6499999999999773,1.6000000000000227,2.0,5.547049,2.0,5.547049,2.0,5.547049,2.0,5.547049,0.3605520671571963,0.28354917654906986,0.004001123278214,0.9992907415398604,False,0.05242502919638903,0.0001444914453446,0.0001015025998572,1.2678707514873402,0.0499970399116337,0.1247982785129927,0.1344407465009474,0.1438968771017342,0.4469858402326592,0.2577947280173965,0.2974554554046828,0.2884416537257611
MANAMBOLO_2004,brooke et. al. 2022,POINT (44.4284458022806 -19.1854989558794),1,2,1,52307,71882.0,0.727678696,Delta,0.002,0.00123,0.00173,0.00191,1025.0,2739.837398373985,2196.531791907515,0.00039,0.00069,0.00071,3.35,1.3,-1.35,14.47,11.1,10.47,18.0,14.2,14.0,970.0,15.55,240.543,888.149,0.4729633964954278,0.7775056810680938,0.8767126374061591,0.2103970345222706,0.0005966666666666,3.201117318435754,1219.573233519553,0.747399100581029,0.6059268724654325,4959.442558812391,4.3343735,2.05,3.370000000000001,3.8000000000000007,4.233333333333333,4.3343735,4.7,4.3343735,4.0,4.3343735,4.0,4.3343735,0.9766886399173876,0.715413524792203,0.0404909281727106,2.269786075749771,False,0.195626880943142,0.0002255610289428,0.000103494497975,1.163499910873984,0.1180947795512542,0.1734544658800002,0.2098400073650768,0.2334806963420666,0.6059268724654325,0.4729633964954278,0.7775056810680938,0.8767126374061591
MANGOKY,brooke et. al. 2022,POINT (43.7748085597893 -21.723982342522),0,3,1,54387,108876.0,0.499531577,Delta,0.00158,0.00183,0.00341,0.0021899999999999,3367.088607594937,1038.2513661202215,1348.9736070381236,0.00065,0.00061,0.00062,52.2,46.88,49.8,34.2,32.3,31.8,38.0,33.4,35.4,1640.0,85.3,428.9,1153.4,1.360569229791761,0.4859175820684874,1.176432040797387,0.4611095724715643,0.0006266666666666,3.49468085106383,797.1248569148938,1.0481074568381947,0.8062891799070457,6587.621838058926,3.910128,5.32,1.9000000000000057,4.600000000000001,2.46666666666667,3.9101284,2.4000000000000057,3.910128,2.400000000000002,3.910128,2.6000000000000014,3.910128,0.6308403312376976,1.0157995963691755,0.0887405785974569,3.521378876234161,False,0.40343438935715054,0.0005728971208787,1.2018504251546628e-05,1.2512420556546615,0.2615968588487243,0.0191784642311914,0.2622989326127472,0.2999150713631364,0.8062891799070457,1.3605692297917609,0.4859175820684874,1.1764320407973874
OTHER_AFR,this study,"POINT(37.98242,6.60333)",0,3,2,18875,25000.0,0.755,Delta,0.003,0.004,0.00375,0.00325,666.6666666666666,524.9999999999773,1146.6666666666547,0.0024,0.0024,0.002,1182.5,1180.5,1179.5,1184.1,1182.0,1181.1,1185.3,1181.0,1182.3,200.0,13.3,45.9,97.155,0.6666666666666666,0.6999999999999696,1.433333333333318,0.4333333333333328,0.0022666666666666,1.4338235294117647,333.0882352941177,0.166046055493644,0.1488125929632422,448.1420170519501,2.113352,2.0,2.099999999999909,4.2999999999999545,3.0,2.113352,3.0,2.113352,3.0,2.113352,3.0,2.113352,1.419545780530573,0.9368009320026427,0.0833950388829458,1.3382352941176252,True,0.36625566930993797,0.0003004626062886,0.0001333333333333,0.3603446728276944,0.0924500327042048,0.0588235294117646,0.1095774436618471,0.1158064797289004,0.1488125929632422,0.6666666666666666,0.6999999999999696,1.4333333333333182
PI0019_1989,brooke et. al. 2022,POINT (98.5751165683043 1.88540201478152),0,3,2,18007,20455.0,0.880322659,Delta,0.0068,0.0027,0.0042,0.0059333333333333,602.9411764705882,703.7037037037038,500.0,0.00048,0.001,0.00107,8.2,4.1,5.2,6.0,4.1,3.0,6.1,4.0,3.1,120.0,45.0,64.4,87.6,0.8333333333333334,0.9633333333333334,0.7000000000000001,0.4055175020198814,0.00085,6.980392156862744,1035.673716470588,2.421392574033397,1.7977724672767934,400.47153119686993,2.548493,4.1,1.9000000000000004,2.1,3.0,2.548493,2.999999999999999,2.548493,3.0,2.548493,3.0,2.548493,1.177166312694157,0.899566216723354,0.078041879650761,6.28235294117647,True,0.3404450902151556,0.0011976829482147,0.0001861003313627,1.9431050981277045,0.2018566766654121,0.2189415663091428,0.2977944381151292,0.3468848912238855,1.7977724672767934,1.366666666666667,0.6333333333333334,0.7
PI0209_2006,brooke et. al. 2022,POINT (109.056950214583 -6.79891866046221),0,3,1,53679,59946.0,0.89545591,Delta,0.007,0.001,0.0012,0.0050666666666666,125.0,1200.0,1058.3333333333337,0.00025,0.00025,0.0002,2.125,1.25,0.125,1.7,0.5,-0.3,1.77,0.5,0.23,100.0,25.0,200.0,450.0,0.0934804806475362,0.1282018020309068,0.1356802404827097,0.0225178334157286,0.0002333333333333,21.71428571428571,3837.6681857142858,10.512892368579704,7.08346067371768,2369.5118747487454,9.360243,0.875,1.2,1.27,1.846666666666667,9.360243,2.0,9.360243,2.0,9.360243,1.54,9.360243,0.1972883286808954,0.11826591465931571,0.0043335590613793,2.5866239771664383,False,0.03256912797117543,0.0019675139417831,1.6666666666666667e-05,3.077970371790963,0.3883251200887818,0.0714285714285714,0.3948397645986196,0.4841463590793284,7.08346067371768,0.0934804806475362,0.1282018020309068,0.1356802404827097
PI0769_1982,brooke et. al. 2022,POINT (121.639575862005 14.7623725463011),1,2,2,8532,11167.0,0.764036894,Delta,0.0013,0.00101,0.00237,0.0016566666666666,1599.9999999999989,3732.673267326732,843.8818565400843,0.00109,0.00204,0.00193,50.98,48.9,48.18,8.77,5.0,6.0,5.0,3.0,2.2,430.0,31.799,72.466,121.4,0.742857142857143,1.36101083032491,0.7142857142857143,0.3654184094013602,0.0016866666666666,0.982213438735178,452.9863007905138,0.3523156363676595,0.2593043187839015,570.8540806993576,1.4669064,2.0799999999999983,3.77,2.0,2.789999999999999,1.4669064,2.799999999999997,1.4669064,2.77,1.4669064,2.8,1.4669064,1.9019618062228936,0.9335223251024201,0.07032480567824,0.9226761414173124,True,0.31143530474039627,0.0004135617648348,0.0003000185179469,-0.0179466431908368,0.2496348681095802,0.1778765916681786,0.3065251200792122,0.358695597589609,0.2593043187839015,0.742857142857143,1.3610108303249098,0.7142857142857143
RUS_002_1988,brooke et. al. 2022,POINT (93.1074214336505 50.461423914392),0,3,3,365634,370648.0,0.98647234,Delta,0.001,0.0015,0.001,0.001,500.0,466.666666666697,870.0000000000045,0.00025,0.0003,0.00025,718.5,718.0,717.5,763.5,762.8,762.5,763.73,762.86,762.7,100.0,0.093,0.346,0.752,0.369749498545958,0.5176492979643748,0.629400887713007,0.1302443935938209,0.0002666666666666,3.75,3699.271275000001,0.7305953042399094,0.6114661568089166,2.279475479004137,0.35226688,0.5,0.7000000000000455,0.8700000000000045,1.009999999999991,0.35226688,1.0,0.35226688,1.0,0.35226688,1.0299999999999727,0.35226688,2.867144382266982,0.5658753114552141,0.025065545233944,1.8959996052791748,True,0.35338575846945086,0.0001666666666666,1.6666666666666657e-05,1.3217558399823195,0.1666666666666666,0.0624999999999999,0.1780000780274485,0.1948254144639758,0.6114661568089166,0.3697494985459579,0.5176492979643748,0.629400887713007
RUS_002_1996,brooke et. al. 2022,POINT (93.0771271999232 50.4812434231501),1,2,3,729789,734937.0,0.992995318,Delta,0.003,0.00045,0.00211,0.0027033333333333,384.7147666666615,2133.3333333331616,516.5876777251336,0.00082,0.00048,0.00075,718.3684082,717.2142639,717.0,764.16,763.2,763.16,764.26,763.17,763.26,50.0,0.093,0.346,0.752,0.6978600553505686,0.746834561686962,0.8479684085821646,0.076549629836485,0.0006833333333333,3.95609756097561,1453.1638800000003,1.4663888521289627,1.0698371410077598,2.279475479004137,0.28542525,1.1541442999999845,0.9599999999999228,1.0900000000000318,1.1228027333333257,0.28542525,1.3684081999999762,0.28542525,1.0,0.28542525,1.0,0.28542525,3.933789144461571,0.8666546145836719,0.0147319831308202,3.0233328679310123,True,0.4706288251643159,0.0007472244940072,0.0001036554120364,1.3752580749770047,0.2764085674502907,0.1516908468825972,0.3152963830872176,0.370665492831612,1.0698371410077598,0.6978600553505686,0.746834561686962,0.8479684085821646
SA0505_1999,brooke et. al. 2022,POINT (-80.4786644818258 -3.54346761714041),0,3,1,33914,40447.0,0.838479986,Delta,0.0018,0.00275,0.008,0.0038666666666666,761.1111111111112,1116.3636363636365,144.99999999999997,0.00062,0.00034,0.00059,4.37,3.0,-1.0,5.59,2.52,0.2,4.3,3.14,-1.3,100.0,5.905,57.1,197.25,0.1893845601161712,0.4243872989464567,0.1603548100253712,0.1447884484652998,0.0005166666666666,7.483870967741934,1622.864489032258,5.197304282919365,3.0672200221688986,967.2273937540238,7.2339582,1.37,3.07,1.1599999999999997,5.453333333333333,7.233958,5.37,7.2339582,5.39,7.2339582,5.6,7.2339582,0.7538519726841155,0.25998127385995967,0.0278645498989963,1.9311547013808148,False,0.12450670003544295,0.0019279378735956,8.875684637129566e-05,2.012750167181164,0.4986046224816289,0.1717874445896045,0.5273684629162746,0.694467382631467,3.0672200221688986,0.1893845601161712,0.4243872989464566,0.1603548100253712
SAMBAO_2004,brooke et. al. 2022,POINT (44.6217192407636 -16.5997596520362),1,2,1,59296,86411.0,0.686208932,Delta,0.0064,0.00183,0.00168,0.0048266666666666,675.24342421875,967.213114754098,1404.7619047619044,0.00038,0.00043,0.00041,-1.667247379,-5.988805294,-6.6,10.17,8.4,5.17,10.86,8.5,5.86,97.0,10.441,117.461,481.9,0.4448214888144878,0.1821875468725827,0.2429167291634436,0.1374955472075408,0.0004066666666666,11.868852459016392,1687.399013114754,4.523469246108236,3.2752156802884365,2552.537408162608,9.715263,4.321557915,1.7699999999999996,2.3599999999999994,4.977584207,9.715263,4.932752621,9.715263,5.0,9.715263,4.999999999999999,9.715263,0.512346811313582,0.2910209319171529,0.0264610303975495,3.4416735177692472,False,0.11579997169946842,0.0015489387047624,1.452966314513557e-05,2.473917528212405,0.3209127150750889,0.0357286798650874,0.3228955082712782,0.381121027641716,3.2752156802884365,0.4448214888144878,0.1821875468725827,0.2429167291634436
SUMA2_2005,brooke et. al. 2022,POINT (96.8546278047531 5.26372884363169),0,3,3,26404,28139.0,0.938341803,Delta,0.0037,0.01958,0.0122,0.0065333333333333,1432.4324324324325,316.6496424923391,409.8360655737704,0.00639,0.00051,0.00102,7.3,2.0,3.3,7.2,1.0,3.2,6.0,1.0,2.0,50.0,3.0,27.0,50.0,0.8897418279891102,1.040830062930657,0.8393790830085945,0.1048384138657231,0.00264,2.4747474747474745,355.43250113636367,4.254574010871616,1.5646445651365846,217.77360331630956,1.9567841,5.3,6.2,5.0,4.0,1.9567841,4.0,1.9567841,4.0,1.9567841,4.0,1.9567841,2.0441702998441333,0.9278599775352723,0.0201761621555962,2.284976392634507,True,0.1173457518180394,0.0045879600889477,0.0018807711184511,0.9061383604101376,0.7022387891246612,0.7124133024436184,1.000335958790792,1.719195212556286,1.5646445651365846,0.8897418279891102,1.0408300629306573,0.8393790830085945
TURK_002_1991,brooke et. al. 2022,POINT (28.5564740426884 40.1434371642974),1,2,1,62473,65643.0,0.951708484,Delta,0.003,0.00192,0.00422,0.0034066666666666,422.20667333333256,885.4166666666667,272.51184834123234,0.00299,0.00056,0.00039,43.74089752,42.4742775,42.0,5.9,4.2,4.1,6.4,5.25,4.6,50.0,21.789,102.799,216.6,0.1848029713927405,0.2480341747382608,0.1677878240876471,0.0422831272634799,0.0013133333333333,2.5939086294416245,724.6511299492386,2.4675868841058723,1.2645857129473317,1070.7299255623718,6.853894,1.2666200199999975,1.7000000000000002,1.1500000000000004,1.7802991733333329,6.8538947,1.7408975199999972,6.853894,1.8000000000000007,6.853894,1.8000000000000007,6.853894,0.2597500032493011,0.20061783534625596,0.0081373916359164,0.5193220977694235,False,0.05137304456630313,0.0006643626854194,0.0008397684866146,0.9531658614657168,0.1950184008080653,0.6394176294020413,0.6684961342026305,0.9513006187257472,1.2645857129473317,0.1848029713927404,0.2480341747382608,0.167787824087647
V11,valenza et. al. 2020,POINT (-71.345 7.1703),0,3,1,90688,1504596.0,0.060273987,Alluvial Plain,0.0036,0.0035,0.00252,0.00324,219.44444444444224,699.9999999999967,952.3809523809546,0.00055,0.00057,0.00056,155.42,154.63,153.9,156.26,153.81,154.7,158.0,155.6,156.5,110.0,20.0,83.0,150.0,0.2264341209654934,0.7022324004626098,0.6879011269837858,0.2706600530232921,0.00056,5.785714285714286,107.63211964285716,0.6523724953642906,0.586267472679812,718.3433295192614,3.4888735,0.789999999999992,2.4499999999999886,2.4000000000000057,1.5266666666666613,3.4888735,1.5199999999999818,3.4888735,1.5600000000000025,3.4888735,1.5,3.4888735,0.437581550220239,0.5417599969661606,0.0520885514906253,3.1176661790800715,False,0.246703045121163,0.0003445447882512,5.773502691896242e-06,1.7553918250571805,0.1063409840281691,0.010309826235529,0.1068395872375316,0.112755739939507,0.586267472679812,0.2264341209654933,0.7022324004626098,0.6879011269837858
V13,valenza et. al. 2020,POINT (-72.0799 7.5596),0,3,3,967,1484626.0,0.000651342,Fan,0.004,0.00116,0.00149,0.0031633333333333,869.9999999999903,2586.206896551724,2281.879194630857,0.00626,0.00647,0.00696,315.28,311.8,313.1,317.2,314.2,315.2,312.9,309.5,310.9,220.0,15.421,54.025,208.35,1.127004728652215,1.024549753320192,1.16115638709621,0.0700335128990708,0.0065633333333333,0.4819705434230574,0.0992395124428643,0.1590864825776732,0.1196071415636225,1026.4988985317973,0.9281155,3.4799999999999613,3.0,3.3999999999999773,2.059999999999983,0.92811555,2.17999999999995,0.9281155,2.0,0.9281155,2.0,0.9281155,2.219551226479388,1.1240151972261696,0.0134779558415245,0.531028020601701,True,0.19463184287907662,0.0008967410130268,0.0002073912030706,-0.7298722800291984,0.2834797722951095,0.0315984565369269,0.2852354181303633,0.3300751150636867,0.1196071415636225,1.119649515741921,1.0245497533201915,1.1611563870962096
V7,valenza et. al. 2020,POINT (-71.2565 6.73),3,0,2,77444,1530303.0,0.050606971,Alluvial Plain,0.0057,0.008,0.00157,0.0043233333333333,350.8771929824561,274.9999999999986,2229.2993630573246,0.00136,0.00068,0.00113,147.8,145.8,145.8,148.2,146.0,146.0,151.3,147.8,147.8,57.0,5.0,20.0,35.0,1.0,1.0,1.0,0.0,0.0010566666666666,4.091482649842272,47.89303249211356,2.483525324527518,1.5454431105419584,147.8173784698085,1.903984,2.0,2.1999999999999886,3.5,2.566666666666663,1.903984,2.0,1.903984,2.1999999999999886,1.903984,3.5,1.903984,1.348050578807509,1.001002607288952,0.0,4.091482649842272,True,0.11249413367843664,0.0018810723891794,0.0001996942106766,1.4089074104391637,0.4350976998873084,0.1889850574227149,0.4743683804558364,0.6069988649770417,1.5454431105419584,1.0,1.0,1.0
V9,valenza et. al. 2020,POINT (-72.04633 7.03724),0,3,3,12262,1448956.0,0.008462645,Fan,0.0083,0.00319,0.00279,0.0064633333333333,727.7108433734896,846.3949843260152,767.0250896057503,0.00442,0.00621,0.00537,280.34,274.3,278.34,288.0,285.3,286.0,287.6,285.46,285.6,677.0,65.999,252.519,477.2,2.162933513600575,0.9668742527684704,0.7663373707128065,0.7551217984334092,0.0053333333333333,1.2118750000000005,1.5867459375,0.4094181256589264,0.3060295409759804,2525.5037709374183,0.7925038,6.039999999999964,2.6999999999999886,2.140000000000043,2.0,0.7925038,2.0,0.7925038,2.0,0.7925038,2.0,0.7925038,2.5236472874901463,1.3226155543529199,0.1453232578654943,1.5738802960003566,True,0.6760320554653927,0.0017737624794017,0.0005170536185391,0.1921687470147786,0.2744346280662793,0.0969475534760934,0.2910553095321868,0.3378385771295937,0.3060295409759804,2.1629335136005747,0.9668742527684704,0.7663373707128065
VENEZ1_1982,brooke et. al. 2022,POINT (-71.7570852382797 9.33338594775776),1,2,1,205340,214318.0,0.958108978,Delta,0.0021,0.00837,0.00079,0.0016633333333333,1032.8491900000004,176.82198327359615,1468.354430379747,0.00023,0.00019,9e-05,-9.896008171,-12.06499147,-12.54879475,3.68,2.2,2.0,6.38,5.22,4.5,155.0,371.556,745.209,1333.1,0.1877006361488979,0.1280770311271857,0.1003847000726591,0.0446204589993732,0.00017,9.784313725490197,5635.935164705882,30.996892446028376,7.436840365428692,7709.783465827955,11.555546,2.1689832990000006,1.48,1.16,2.0709288596666666,11.555546,2.6527865790000007,11.555546,1.6800000000000002,11.555546,1.88,11.555546,0.1792151486633208,0.13896323765305968,0.0085872113382175,1.3572877209609318,False,0.04279363579388357,0.0023391047670232,4.1633319989322656e-05,2.280780463027192,1.4062754110360505,0.2449018822901332,1.4274408792079143,3.168019067630155,7.436840365428692,0.1877006361488979,0.1280770311271856,0.100384700072659
