,Source,Inclusion,Agency,Gage,Location,Country,State,Lat [deg],Lon [deg],DA [km2],Qbf [m3/s],Abf [m2],Wbf [m],Hbf [m],S [-],D50 [mm],D84 [mm],Notes,RA_id_2,RA_dis_m3_pyr_2,RA_dis_m3_pmn_2,RA_dis_m3_pmx_2,n_2,distance_2,feature_x_2,feature_y_2,nearest_x_2,nearest_y_2,geometry,Difference
74,Chaplin (2005),1.0,USGS,1449360.0,Pohopoco Creek at Kresgeville Pa.,USA,PA,40.8975,-75.5028,129.24,22.2,22.1,25.1,0.84,0.001,96.4,160.0,,7873371.0,2.836,1.527,6.582,1.0,61.36310286540538,-8404933.249466376,4997234.672751993,-8404933.249466376,4997296.035854858,POINT (-8404933.249466376 4997234.672751993),-15.617999999999999
172,Chaplin (2005),1.0,USGS,1451800.0,Jordan Creek near Schnecksville Pa.,USA,PA,40.6617,-75.6272,137.27,49.6,30.8,32.3,0.95,0.003,45.3,126.0,,7880001.0,3.048,1.523,8.141,1.0,188.7735072253589,-8418781.394121058,4962569.824205335,-8418768.406847244,4962381.497978407,POINT (-8418781.394121058 4962569.824205335),-41.459
75,Chaplin (2005),1.0,USGS,1452000.0,Jordan Creek at Allentown Pa.,USA,PA,40.6231,-75.4828,196.32,54.9,28.9,32.3,0.82,0.001,38.2,118.0,Gage: Mentions Dam,7880438.0,4.157,2.094,10.999,1.0,121.19465627355488,-8402706.859650511,4956906.946071843,-8402610.323069502,4956980.218394286,POINT (-8402706.859650511 4956906.946071843),-43.900999999999996
104,Chaplin (2005),1.0,USGS,1468499.9999999998,Schuylkill River at Landingville Pa.,USA,PA,40.6292,-76.125,344.47,67.7,53.5,34.4,1.55,0.001,26.9,48.6,,7880213.0,6.927,3.033,20.372,1.0,2.952907034988147,-8474196.23663795,4957801.639044785,-8474198.588831589,4957799.853871112,POINT (-8474196.23663795 4957801.639044785),-47.328
217,Chaplin (2005),1.0,USGS,1469500.0000000002,Little Schuylkill River at Tamaqua Pa.,USA,PA,40.8069,-75.9722,111.11,27.8,13.5,16.9,0.79,0.007,119.0,248.0,,7875531.0,2.387,1.104,6.64,1.0,248.5362932604856,-8457186.618444739,4983901.04501263,-8456988.445412373,4984051.037473476,POINT (-8457186.618444739 4983901.04501263),-21.16
117,Chaplin (2005),1.0,USGS,1470755.0,Maiden Creek at Virginville Pa.,USA,PA,40.5253,-75.8753,411.81,89.1,62.3,47.9,1.3,0.001,33.1,80.4,,7883167.0,8.45,4.077,23.333,1.0,198.51975868828595,-8446399.75978687,4942573.663320453,-8446598.279545559,4942573.663320453,POINT (-8446399.75978687 4942573.663320453),-65.767
284,Cinotto (2003),1.0,USGS,1471980.0000000002,Manatawny Creek near Pottstown Pa.,USA,PA,40.2728,-75.6803,221.62,66.3,43.48,27.5,1.6,0.001,27.7,103.0,,7889273.0,4.459,2.187,12.35,1.0,295.01076733602815,-8424692.459082182,4905664.383499702,-8424457.913785787,4905843.324430691,POINT (-8424692.459082182 4905664.383499702),-53.949999999999996
290,Cinotto (2003),1.0,USGS,1472157.0,French Creek near Phoenixville Pa.,USA,PA,40.1514,-75.6017,153.19,40.8,29.36,26.5,1.1,0.004,89.4,311.0,,7893051.0,3.816,1.904,10.391,1.0,99.52164984401315,-8415942.74710583,4887967.767701919,-8415942.74710583,4888067.289351763,POINT (-8415942.74710583 4887967.767701919),-30.409
287,Cinotto (2003),1.0,USGS,1472198.0,Perkiomen Creek at East Greenville Pa.,USA,PA,40.3939,-75.5158,98.5,33.7,28.24,35.7,0.8,0.002,3.8,42.4,,7886863.0,2.323,1.199,6.111,1.0,94.48796069705554,-8406380.402846688,4923348.947052197,-8406305.23255564,4923406.195650961,POINT (-8406380.402846688 4923348.947052197),-27.589000000000002
291,Cinotto (2003),1.0,USGS,1472199.0,West Branch Perkiomen Creek at Hillegas Pa.,USA,PA,40.3739,-75.5228,59.62,28.3,18.77,29.4,0.6,0.004,0.8,70.4,,7886862.0,1.309,0.663,3.515,1.0,143.68411475606263,-8407159.639282241,4920426.103119242,-8407159.639282241,4920282.419004486,POINT (-8407159.639282241 4920426.103119242),-24.785
288,Cinotto (2003),1.0,USGS,1475850.0,Crum Creek near Newtown Square Pa.,USA,PA,39.9764,-75.4369,40.96,17.0,14.96,17.5,0.9,0.002,3.2,38.9,0.8 miles upstream of Geist Reservoir,7898080.0,1.195,0.645,2.921,1.0,191.48907176827382,-8397597.295023099,4862513.384241453,-8397445.306421908,4862629.863980956,POINT (-8397597.295023099 4862513.384241453),-14.079
289,Cinotto (2003),1.0,USGS,1477000.0,Chester Creek near Chester Pa.,USA,PA,39.8689,-75.4086,158.38,50.2,28.15,21.2,1.3,0.002,48.1,153.0,,7900838.0,3.349,1.805,8.076,1.0,21.755853938870132,-8394446.95343365,4846909.433556327,-8394446.95343365,4846887.677702388,POINT (-8394446.95343365 4846909.433556327),-42.124
313,Cinotto (2003),1.0,USGS,1480499.9999999998,West Branch Brandywine Creek at Coatesville Pa.,USA,PA,39.9856,-75.8278,118.72,31.1,16.63,23.7,0.7,0.009,42.2,140.0,,7897054.0,2.258,1.107,6.1,1.0,79.77896829135716,-8441112.083974188,4863849.931343669,-8441032.305005897,4863849.931343669,POINT (-8441112.083974188 4863849.931343669),-25.0
318,Cinotto (2003),1.0,USGS,1480610.0,Sucker Run near Coatesville Pa.,USA,PA,39.9722,-75.8508,6.66,4.0,2.23,5.4,0.4,0.009,0.25,55.7,,7897335.0,0.226,0.113,0.591,1.0,104.10222167056054,-8443672.432262436,4861903.281255123,-8443672.432262436,4862007.383476794,POINT (-8443672.432262436 4861903.281255123),-3.409
292,Cinotto (2003),1.0,USGS,1480617.0,West Branch Brandywine Creek at Modena Pa.,USA,PA,39.9617,-75.8017,142.57,46.5,24.9,29.6,0.8,0.004,24.3,82.4,,7897747.0,2.868,1.416,7.668,1.0,418.77217886969447,-8438206.645264484,4860378.18778573,-8438206.645264484,4860796.959964599,POINT (-8438206.645264484 4860378.18778573),-38.832
608,McCandless (2003b),1.0,USGS,1484000.0,Murderkill River near Felton DE,USA,DE,38.9758,-75.5675,35.2,2.8,7.1,10.2,0.7,0.0004,1.0,,,7922738.0,0.527,0.29,0.993,1.0,363.23548210183384,-8412135.6205207,4718205.722797011,-8412422.411565118,4717982.808211801,POINT (-8412135.6205207 4718205.722797011),-1.807
601,McCandless (2003b),1.0,USGS,1485500.0000000002,Nassawango Creek near Snow Hill MD,USA,MD,38.2289,-75.4714,116.3,6.3,10.4,11.1,0.9,0.0003,0.67,,,7941415.0,1.973,1.099,3.407,1.0,26.259396045475214,-8401437.817455467,4611812.362237947,-8401417.167482438,4611796.140817092,POINT (-8401437.817455467 4611812.362237947),-2.893
617,McCandless (2003b),1.0,USGS,1487000.0,Nanticoke River near Bridgeville DE,USA,DE,38.7283,-75.5617,195.3,9.6,19.8,16.4,1.2,0.0004,0.32,,,7929012.0,2.431,1.339,4.458,1.0,5.856777203124526,-8411489.9674741,4682827.267698687,-8411485.349591698,4682830.87005921,POINT (-8411489.9674741 4682827.267698687),-5.1419999999999995
623,McCandless (2003b),1.0,USGS,1492050.0,Gravel Run at Beulah MD,USA,MD,38.6817,-75.8981,21.8,1.8,3.1,5.5,0.6,0.0014,0.14,,,7930345.0,0.421,0.235,0.761,1.0,23.3571889906069,-8448937.844176957,4676179.844341025,-8448956.255703425,4676165.471659623,POINT (-8448937.844176957 4676179.844341025),-1.0390000000000001
590,McCandless (2003b),1.0,USGS,1492499.9999999998,Sallie Harris Creek near Carmichael MD,USA,MD,38.9647,-76.1086,21.0,2.2,4.8,5.3,0.9,0.0002,0.19,,,7923571.0,0.546,0.301,0.767,1.0,261.6008032541722,-8472370.59698894,4716616.411074539,-8472108.996185686,4716616.411074539,POINT (-8472370.59698894 4716616.411074539),-1.4330000000000003
622,McCandless (2003b),1.0,USGS,1492550.0,Mill Creek near Skipton MD,USA,MD,38.9167,-76.0617,11.9,1.1,2.5,8.2,0.3,0.0013,0.33,,,7924853.0,0.437,0.241,0.605,1.0,293.3041512668133,-8467149.712870738,4709746.57646767,-8467149.712870738,4710039.880618936,POINT (-8467149.712870738 4709746.57646767),-0.4950000000000001
661,McCandless and Everett (2002),1.0,USGS,1496000.0,Northeast Creek at Leslie,USA,MD,39.6278,-75.9444,62.9,37.8,18.4,17.7,1.0,0.012,106.94,,,7906705.0,1.163,0.601,2.782,1.0,72.35766890831292,-8454091.936600685,4812001.689849454,-8454019.578931777,4812001.689849454,POINT (-8454091.936600685 4812001.689849454),-35.018
771,Mulvihill et al (2005),14.0,USGS,1514801.0,Catatonk Creek Northwest of Owego,USA,NY,42.1383,-76.2894,391.1,104.8,71.3,92.7,0.8,0.001,55.8,,,7838804.0,5.847,2.752,19.799,1.0,192.65833925362676,-8492497.160924366,5181718.678840112,-8492497.160924366,5181911.337179366,POINT (-8492497.160924366 5181718.678840112),-85.001
228,Chaplin (2005),1.0,USGS,1516499.9999999998,Corey Creek near Mainesburg Pa.,USA,PA,41.7908,-77.015,31.6,19.4,14.1,21.7,0.76,0.009,68.2,187.0,,7848697.0,0.799,0.258,3.022,1.0,71.39340424644726,-8573270.583443964,5129693.628356061,-8573327.819563396,5129650.954654532,POINT (-8573270.583443964 5129693.628356061),-16.378
126,Chaplin (2005),1.0,USGS,1518419.9999999998,Crooked Creek below Catlin Hollow at Middlebury Center Pa.,USA,PA,41.8425,-77.2736,192.44,74.4,44.5,33.2,1.33,0.001,33.2,60.7,,7847130.0,0.938,0.255,3.734,1.0,50.612962701653295,-8602057.803763105,5137415.827541204,-8602098.39150853,5137446.065049611,POINT (-8602057.803763105 5137415.827541204),-70.66600000000001
845,Mulvihill et al (2005),6.0,USGS,1521596.0000000002,Big Creek near Howard,USA,NY,42.3669,-77.5589,16.4,8.5,4.3,6.8,0.6,0.012,55.9,,,7832832.0,0.703,0.174,2.852,1.0,908.402893317402,-8633817.254486425,5216098.719511931,-8634681.835865023,5216377.4574827375,POINT (-8633817.254486425 5216098.719511931),-5.648
822,Mulvihill et al (2005),11.0,USGS,1528000.0,Fivemile Creek near Kanona,USA,NY,42.3883,-77.3578,173.0,37.7,20.3,35.4,0.6,0.003,96.3,,,7831970.0,2.376,1.125,8.054,1.0,23.875513497569173,-8611430.904887898,5219323.541731858,-8611411.699923702,5219309.356898584,POINT (-8611430.904887898 5219323.541731858),-29.646
259,Chaplin (2005),1.0,USGS,1533250.0,Tuscarora Creek near Silvara Pa.,USA,PA,41.7069,-76.1194,30.56,11.2,7.5,17.8,0.32,0.013,116.0,282.0,,7851009.0,0.613,0.29,2.016,1.0,96.9211997454986,-8473572.847489508,5117175.10036606,-8473572.847489508,5117078.179166314,POINT (-8473572.847489508 5117175.10036606),-9.184
249,Chaplin (2005),1.0,USGS,1537000.0,Toby Creek at Luzerne Pa.,USA,PA,41.2808,-75.8961,83.92,21.0,10.7,15.0,0.71,0.012,121.0,221.0,,7863559.0,1.46,0.744,4.158,1.0,249.179976174213,-8448715.205195371,5053848.243690958,-8448516.00052944,5053997.93724993,POINT (-8448715.205195371 5053848.243690958),-16.842
211,Chaplin (2005),1.0,USGS,1538000.0,Wapwallopen Creek near Wapwallopen Pa.,USA,PA,41.0592,-76.0939,113.44,20.2,17.7,21.1,0.84,0.006,58.4,147.0,,7868707.0,2.505,1.234,6.531,1.0,179.62114282231778,-8470734.200474279,5021077.575674593,-8470734.200474279,5021257.196817416,POINT (-8470734.200474279 5021077.575674593),-13.669
218,Chaplin (2005),1.0,USGS,1542720.0,Wilson Run at Penfield Pa.,USA,PA,41.2161,-78.5833,21.6,5.4,4.3,8.6,0.52,0.007,43.4,102.0,,7864733.0,0.525,0.18,1.94,1.0,47.47198021571176,-8747852.940855054,5044268.80790165,-8747815.003794491,5044297.345041336,POINT (-8747852.940855054 5044268.80790165),-3.4600000000000004
266,Chaplin (2005),1.0,USGS,1542810.0,Waldy Run near Emporium Pa.,USA,PA,41.5789,-78.2928,13.57,3.3,4.0,13.5,0.41,0.014,101.0,206.0,,7854547.0,0.411,0.106,1.694,1.0,246.6064719816466,-8715514.628779609,5098107.9415090885,-8715712.097348772,5097960.222464223,POINT (-8715514.628779609 5098107.9415090885),-1.6059999999999999
167,Chaplin (2005),1.0,USGS,1543699.9999999998,First Fork Sinnemahoning Creek at Wharton Pa.,USA,PA,41.5189,-78.0278,471.38,117.4,69.8,54.6,1.26,0.002,107.0,232.0,,7856250.0,9.529,1.861,40.584,1.0,77.22779183126036,-8686014.96371939,5089183.22190181,-8685953.144797938,5089136.934184415,POINT (-8686014.96371939 5089183.22190181),-76.816
168,Chaplin (2005),1.0,USGS,1544499.9999999998,Kettle Creek at Cross Fork Pa.,USA,PA,41.4758,-77.8261,352.24,79.6,50.5,48.5,1.05,0.002,119.0,232.0,,7857993.0,7.345,1.478,31.11,1.0,169.24056250350284,-8663561.822426388,5082777.403912446,-8663426.380893132,5082675.925052255,POINT (-8663561.822426388 5082777.403912446),-48.489999999999995
235,Chaplin (2005),1.0,USGS,1545600.0,Young Womans Creek near Renovo Pa.,USA,PA,41.3894,-77.6911,119.66,22.1,19.8,25.8,0.79,0.009,119.0,253.0,,7860151.0,2.149,0.575,8.348,1.0,118.71574172877685,-8648533.691169297,5069948.857182907,-8648438.729119357,5069877.613682114,POINT (-8648533.691169297 5069948.857182907),-13.752
214,Chaplin (2005),1.0,USGS,1547699.9999999998,Marsh Creek at Blanchard Pa.,USA,PA,41.0594,-77.6061,114.22,25.1,14.9,19.4,0.78,0.006,77.8,146.0,,7868701.0,2.067,0.672,7.055,1.0,150.0946078049019,-8639071.534451867,5021107.102209611,-8639071.534451867,5021257.196817416,POINT (-8639071.534451867 5021107.102209611),-18.045
215,Chaplin (2005),1.0,USGS,1549500.0000000002,Blockhouse Creek near English Center Pa.,USA,PA,41.4736,-77.2311,97.64,37.9,28.1,28.1,1.0,0.006,81.9,172.0,,7857274.0,1.533,0.482,5.627,1.0,74.23826227778291,-8597326.725404391,5082450.539107454,-8597386.137544744,5082406.024871925,POINT (-8597326.725404391 5082450.539107454),-32.272999999999996
173,Chaplin (2005),1.0,USGS,1550000.0,Lycoming Creek near Trout Run Pa.,USA,PA,41.4183,-77.0331,448.07,133.9,72.2,61.6,1.17,0.003,133.0,243.0,,7859798.0,6.826,2.42,24.324,1.0,66.80084935296327,-8575285.466227323,5074237.987292455,-8575285.466227323,5074304.788141808,POINT (-8575285.466227323 5074237.987292455),-109.57600000000001
247,Chaplin (2005),1.0,USGS,1552499.9999999998,Muncy Creek near Sonestown Pa.,USA,PA,41.3569,-76.535,61.64,38.5,20.4,20.9,0.98,0.01,115.0,267.0,,7860725.0,1.162,0.532,3.679,1.0,96.3982223533094,-8519837.227863193,5065127.717987583,-8519837.227863193,5065031.31976523,POINT (-8519837.227863193 5065127.717987583),-34.821
135,Chaplin (2005),1.0,USGS,1553699.9999999998,Chillisquaque Creek at Washingtonville Pa.,USA,PA,41.0617,-76.6806,132.87,49.8,28.1,22.7,1.22,0.001,50.6,143.0,,7868704.0,2.17,0.953,6.454,1.0,391.47354251518846,-8536045.345722692,5021446.663815662,-8535653.872180177,5021446.663815662,POINT (-8536045.345722692 5021446.663815662),-43.346
169,Chaplin (2005),1.0,USGS,1555500.0000000002,East Mahantango Creek near Dalmatia Pa.,USA,PA,40.6111,-76.9122,419.58,97.7,63.3,40.5,1.56,0.002,49.5,145.0,,7880625.0,6.785,2.854,20.232,1.0,100.20208000857383,-8561826.939790415,4955147.1327602435,-8561826.939790415,4955046.930680235,POINT (-8561826.939790415 4955147.1327602435),-77.468
216,Chaplin (2005),1.0,USGS,1565000.0,Kishacoquillas Creek at Reedsville Pa.,USA,PA,40.8214,-77.5833,424.76,70.5,50.1,35.4,1.45,0.006,180.0,321.0,,7875309.0,0.549,0.213,1.706,1.0,235.6262556221336,-8636533.45006178,4986033.78924707,-8636769.076317402,4986033.78924707,POINT (-8636533.45006178 4986033.78924707),-68.794
138,Chaplin (2005),1.0,USGS,1566000.0,Tuscarora Creek near Port Royal Pa.,USA,PA,40.5153,-77.4194,554.26,116.9,113.3,61.0,1.87,0.001,58.1,123.0,,7883843.0,7.503,2.854,24.983,1.0,72.35766891017556,-8618288.185520764,4941109.271943928,-8618215.827851854,4941109.271943928,POINT (-8618288.185520764 4941109.271943928),-91.917
185,Chaplin (2005),1.0,USGS,1567500.0000000002,Bixler Run near Loysville Pa.,USA,PA,40.3708,-77.4025,38.85,12.0,10.0,13.2,0.77,0.004,71.0,126.0,,7887111.0,0.639,0.249,2.049,1.0,596.6340456490404,-8616406.886126358,4919973.1399732875,-8615896.671793662,4920282.419004486,POINT (-8616406.886126358 4919973.1399732875),-9.951
145,Chaplin (2005),1.0,USGS,1568000.0,Sherman Creek at Shermans Dale Pa.,USA,PA,40.3233,-77.1692,536.13,123.0,87.3,61.6,1.12,0.001,51.6,180.0,,7887992.0,6.822,2.677,21.893,1.0,55.97069382853806,-8590436.048924286,4913035.179245789,-8590436.048924286,4912979.20855196,POINT (-8590436.048924286 4913035.179245789),-101.107
192,Chaplin (2005),1.0,USGS,1569340.0000000002,Newburg Run at Newburg Pa.,USA,PA,40.1278,-77.5472,13.7,8.5,6.5,12.6,0.53,0.004,39.3,88.7,,7893273.0,0.214,0.083,0.68,1.0,126.70517103726392,-8632514.816444146,4884531.243968192,-8632615.473428745,4884454.287020364,POINT (-8632514.816444146 4884531.243968192),-7.82
660,McCandless and Everett (2002),1.0,USGS,1581699.9999999998,Winters Run near Benson,USA,MD,39.5197,-76.3728,90.1,55.5,27.5,20.4,1.3,0.0052,26.42,,,7910640.0,2.321,1.191,4.426,1.0,273.2485254820118,-8501781.206456523,4796389.909824442,-8501564.85184751,4796556.809314666,POINT (-8501781.206456523 4796389.909824442),-51.074
636,McCandless and Everett (2002),1.0,USGS,1583600.0,Beaverdam Run at Cockeysville,USA,MD,39.4856,-76.64,54.1,18.8,15.1,13.2,1.2,0.0008,0.63,,,7910047.0,0.943,0.508,2.045,1.0,681.5342815596532,-8531525.774396487,4791470.238279771,-8532065.313784903,4791886.634996003,POINT (-8531525.774396487 4791470.238279771),-16.755000000000003
662,McCandless and Everett (2002),1.0,USGS,1584050.0,Long Green Creek at Glen Arm,USA,MD,39.4544,-76.4789,24.3,10.3,7.7,13.3,0.6,0.0165,132.81,,,7911174.0,0.688,0.351,1.227,1.0,890.732182992444,-8513592.20442969,4786971.06819504,-8513389.974021522,4787838.539626173,POINT (-8513592.20442969 4786971.06819504),-9.073
658,McCandless and Everett (2002),1.0,USGS,1586210.0,Beaver Run near Finksburg,USA,MD,39.4894,-76.9028,36.3,17.8,9.8,12.3,0.8,0.005,36.63,,,7910337.0,0.668,0.341,1.518,1.0,84.04768490129081,-8560780.536576958,4792018.351989758,-8560700.757608665,4792044.79682962,POINT (-8560780.536576958 4792018.351989758),-16.282
659,McCandless and Everett (2002),1.0,USGS,1586610.0,Morgan Run at Louisville,USA,MD,39.4517,-76.9553,72.5,29.0,15.4,15.8,1.0,0.0052,32.0,,,7911062.0,1.313,0.679,2.953,1.0,317.197648747978,-8566624.809843605,4786581.811757173,-8566373.743950637,4786775.668059004,POINT (-8566624.809843605 4786581.811757173),-26.047
653,McCandless and Everett (2002),1.0,USGS,1589440.0,Jones Falls at Sorrento,USA,MD,39.3917,-76.6608,65.3,25.9,17.2,16.5,1.0,0.0016,7.7,,,7912279.0,1.24,0.684,2.622,1.0,214.34171851237195,-8533841.219804985,4777935.559809174,-8533671.620616153,4778066.626538142,POINT (-8533841.219804985 4777935.559809174),-23.278
656,McCandless and Everett (2002),1.0,USGS,1591699.9999999998,Hawlings River near Sandy Spring,USA,MD,39.1744,-77.0214,69.9,29.2,16.7,13.7,1.2,0.0022,0.36,,,7917578.0,1.13,0.616,2.263,1.0,385.3233636682853,-8573983.028185042,4746683.753311812,-8573983.028185042,4747069.07667548,POINT (-8573983.028185042 4746683.753311812),-26.936999999999998
597,McCandless (2003b),1.0,USGS,1594526.0,Western Branch at Upper Marlboro MD,USA,MD,38.8142,-76.7486,232.3,19.1,25.2,17.3,1.5,0.0002,0.25,,,7927223.0,3.725,2.179,6.873,1.0,26.342009522009768,-8543615.071096634,4695092.153583102,-8543594.29231506,4695075.962730686,POINT (-8543615.071096634 4695092.153583102),-12.227
529,McCandless (2003a),1.0,USGS,1595000.0,NB Potomac River at Steyer,USA,MD,39.3017,-79.3067,189.3,76.9,55.5,23.7,1.6,0.003,84.0,,,7914592.0,3.471,1.546,11.055,1.0,55.14526652358472,-8828381.46049491,4764980.109798838,-8828381.46049491,4765035.255065362,POINT (-8828381.46049491 4764980.109798838),-65.845
530,McCandless (2003a),1.0,USGS,1596499.9999999998,Savage River near Barton,USA,MD,39.57,-79.1019,127.2,36.1,23.6,15.4,1.0,0.003,222.0,,,7907987.0,2.198,0.929,7.381,1.0,273.32621444469174,-8805583.228780447,4803651.19738861,-8805799.700631592,4803818.072063633,POINT (-8805583.228780447 4803651.19738861),-28.719
335,Keaton et al (2005),1.0,USGS,1601500.0000000002,Wills Creek near Cumberland. Md.,USA,MD,39.6694,-78.7878,639.7,91.2,57.7,50.3,1.2,0.0035,120.0,393.0,,7905423.0,9.104,3.725,31.203,1.0,152.92003407234188,-8770617.776722278,4818016.050570906,-8770496.600280764,4818109.328686466,POINT (-8770617.776722278 4818016.050570906),-59.997
564,McCandless (2003a),1.0,USGS,1603500.0000000002,Evitts Creek near Centerville,USA,PA,39.7897,-78.6467,78.2,16.9,8.3,8.3,0.7,0.006,114.0,,,7902140.0,1.038,0.405,3.556,1.0,270.67491815855,-8754910.596571349,4835428.95238627,-8754695.964570997,4835264.034177011,POINT (-8754910.596571349 4835428.95238627),-13.343999999999998
350,Keaton et al (2005),1.0,USGS,1605500.0000000002,South Branch Potomac River at Franklin. W.Va.,USA,WV,38.6356,-79.3381,463.6,83.8,41.0,31.4,1.3,0.0052,103.0,188.0,,7931630.0,6.841,2.908,20.976,1.0,251.45790755927646,-8831876.892505817,4669608.003094277,-8831678.722093623,4669453.214312368,POINT (-8831876.892505817 4669608.003094277),-62.824
338,Keaton et al (2005),1.0,USGS,1607500.0000000002,South Fork South Branch Potomac River at Brandywine. W.Va.,USA,WV,38.6314,-79.2439,266.8,34.0,30.1,28.9,1.0,0.0035,109.0,189.0,Flow from 41.2mi^2 upstream is partially diverted by several floodwater detention reservoirs,7931631.0,3.571,1.44,10.827,1.0,27.124216921301716,-8821390.59647309,4669009.477164051,-8821373.898549575,4668988.101886418,POINT (-8821390.59647309 4669009.477164051),-23.173000000000002
325,Keaton et al (2005),1.0,USGS,1609000.0,Town Creek near OldTown. Md.,USA,MD,39.5531,-78.555,383.3,78.4,45.0,40.2,1.1,0.0028,48.9,117.0,,7908304.0,0.15,0.058,0.495,1.0,714.0678922096188,-8744702.599265607,4801210.93305898,-8744137.11471391,4800774.905334545,POINT (-8744702.599265607 4801210.93305898),-77.905
574,McCandless (2003a),1.0,USGS,1610150.0,Bear Creek at Forest Park,USA,MD,39.7006,-78.3161,26.9,7.2,3.9,5.3,0.5,0.013,44.0,,,7905904.0,3.286,1.238,10.988,1.0,294.99665070697665,-8718108.372915093,4822529.197974944,-8718403.3695658,4822529.197974944,POINT (-8718108.372915093 4822529.197974944),3.7879999999999994
557,McCandless (2003a),1.0,USGS,1610155.0,Sideling Hill Creek near Bellegrove,USA,MD,39.6494,-78.3439,264.2,77.2,53.4,24.0,1.5,0.004,51.0,,,7905904.0,3.286,1.238,10.988,1.0,16.697923514992,-8721203.054759145,4815124.079312833,-8721186.35683563,4815124.079312833,POINT (-8721203.054759145 4815124.079312833),-66.212
225,Chaplin (2005),1.0,USGS,1613050.0,Tonoloway Creek near Needmore Pa.,USA,PA,39.8983,-78.1325,27.71,8.6,6.2,11.1,0.57,0.008,61.4,168.0,,7899602.0,0.493,0.185,1.626,1.0,76.5471815653783,-8697670.114405448,4851174.499762099,-8697609.380696567,4851221.092547068,POINT (-8697670.114405448 4851174.499762099),-6.974
567,McCandless (2003a),1.0,USGS,1613150.0,Ditch Run near Hancock,USA,MD,39.6917,-78.1325,12.4,5.2,4.8,6.1,0.5,0.011,22.0,,,7904998.0,127.326,53.316,426.576,1.0,306.2054170342162,-8697670.114405448,4821241.58583749,-8697670.114405448,4820935.380420456,POINT (-8697670.114405448 4821241.58583749),421.37600000000003
358,Keaton et al (2005),1.0,USGS,1613160.0,Potomac River Tribuatary near Hancock. Md.,USA,MD,39.6908,-78.1272,3.1,1.6,0.9,3.0,0.3,0.0241,54.7,121.0,,7904998.0,127.326,53.316,426.576,1.0,176.00669088959694,-8697080.121104242,4821111.387111345,-8697080.121104242,4820935.380420456,POINT (-8697080.121104242 4821111.387111345),424.976
328,Keaton et al (2005),1.0,USGS,1614000.0,Back Creek near Jones Springs. W.Va.,USA,WV,39.5119,-78.0375,608.6,102.8,60.0,36.9,1.6,0.003,36.8,80.0,,7910832.0,6.976,2.664,20.609,1.0,231.9156059268862,-8687094.762780085,4795264.3761036405,-8687326.678386012,4795264.3761036405,POINT (-8687094.762780085 4795264.3761036405),-82.191
349,Keaton et al (2005),1.0,USGS,1617800.0,Marsh Run at Grimes. Md.,USA,MD,39.5144,-77.7772,49.0,3.2,4.0,7.7,0.5,0.0047,15.1,98.0,,7909856.0,0.762,0.32,2.097,1.0,12.987273817881942,-8658118.299326597,4795625.110329586,-8658105.312052779,4795625.110329586,POINT (-8658118.299326597 4795625.110329586),-1.1030000000000002
355,Keaton et al (2005),1.0,USGS,1619475.0,Dog Creek tributary at Locust Grove. Md.,USA,MD,39.4658,-77.6586,0.3,0.4,0.4,2.7,0.2,0.0123,7.6,16.0,,7910333.0,0.272,0.12,0.704,1.0,425.3856280827895,-8644915.807718515,4788614.761839046,-8644915.807718515,4789040.147467129,POINT (-8644915.807718515 4788614.761839046),0.30399999999999994
352,Keaton et al (2005),1.0,USGS,1632970.0,Crooked Run near Mt. Jackson. Va.,USA,VA,38.7622,-78.685,16.8,5.1,5.0,8.5,0.6,0.0059,32.4,116.0,,7928569.0,1.212,0.459,3.448,1.0,485.74724984939326,-8759174.133068731,4687665.778892732,-8758791.081873752,4687367.078084629,POINT (-8759174.133068731 4687665.778892732),-1.6519999999999997
657,McCandless and Everett (2002),1.0,USGS,1639139.9999999998,Piney Creek at Taneytown,USA,MD,39.6606,-77.2208,81.1,39.3,23.1,20.1,1.2,0.0025,14.54,,,7905539.0,1.366,0.635,3.423,1.0,26.51016142964363,-8596180.134649219,4816743.480110966,-8596180.134649219,4816716.969949536,POINT (-8596180.134649219 4816743.480110966),-35.876999999999995
637,McCandless and Everett (2002),1.0,USGS,1639500.0000000002,Big Pipe Creek at Bruceville,USA,MD,39.6122,-77.2372,264.2,75.3,48.2,26.3,1.8,0.0013,20.2,,,7906948.0,4.339,2.088,10.463,1.0,257.68821410648525,-8598005.77429823,4809747.236971964,-8598005.77429823,4809489.548757858,POINT (-8598005.77429823 4809747.236971964),-64.837
644,McCandless and Everett (2002),1.0,USGS,1645000.0,Seneca Creek at Dawsonville,USA,MD,39.1281,-77.3356,261.6,72.5,37.3,20.4,1.8,0.0014,2.83,,,7919588.0,4.158,2.204,8.522,1.0,105.54724611305163,-8608959.612192288,4740037.4443634795,-8608876.215354403,4739972.751329906,POINT (-8608959.612192288 4740037.4443634795),-63.978
624,McCandless (2003b),1.0,USGS,1658000.0,Mattawoman Creek near Pomonkey MD,USA,MD,38.5961,-77.0558,141.9,15.3,11.1,11.3,1.0,0.0014,13.21,,,7932560.0,2.296,1.344,4.104,1.0,334.70947663486004,-8577812.418668332,4663980.394274483,-8577812.418668332,4663645.684797849,POINT (-8577812.418668332 4663980.394274483),-11.196000000000002
621,McCandless (2003b),1.0,USGS,1661050.0,St. Clements Creek near Clements MD,USA,MD,38.3331,-76.725,47.9,7.7,8.5,9.2,0.9,0.001,0.26,,,7939146.0,0.713,0.523,1.016,1.0,20.439740282754165,-8540987.931113914,4626589.129972141,-8541004.013397276,4626601.7451671325,POINT (-8540987.931113914 4626589.129972141),-6.684
631,McCandless (2003b),1.0,USGS,1661500.0000000002,St. Mary's River at Great Mills MD,USA,MD,38.2417,-76.5036,62.2,13.2,11.3,11.8,1.0,0.0014,13.11,,"Occasional regulation by reservoir on Western Branch of St. Marys River, 2.0 mi upstream",7941412.0,1.134,0.752,1.68,1.0,52.49618523861396,-8516341.795852285,4613626.40869772,-8516383.078472182,4613593.980395898,POINT (-8516341.795852285 4613626.40869772),-11.52
351,Keaton et al (2005),1.0,USGS,2015600.0,Cowpasture River near Head Waters. Va.,USA,VA,38.325,-79.4372,29.3,4.0,4.7,10.9,0.4,0.0055,73.0,180.0,,7939610.0,0.521,0.212,1.543,1.0,26.27780704226507,-8842908.654043432,4625439.6952740885,-8842929.32889653,4625455.914817619,POINT (-8842908.654043432 4625439.6952740885),-2.457
356,Keaton et al (2005),1.0,USGS,2020099.9999999998,Renick Run near Buchanan. Va.,USA,VA,37.5908,-79.6344,5.3,6.7,2.8,7.1,0.4,0.022,75.9,166.0,,7957160.0,0.274,0.103,0.708,1.0,113.17481574043632,-8864860.857627865,4521779.766551565,-8864974.032443605,4521779.766551565,POINT (-8864860.857627865 4521779.766551565),-5.992
669,Metcalf (2004),1.0,USGS,2321000.0,New River near Lake Butler FL,USA,FL,29.9981,-82.2742,494.7,8.81,19.4,14.2,1.37,0.00038,0.22,,,8130327.0,4.404,3.449,5.939,1.0,227.2042981236614,-9158722.049423946,3503305.6185579402,-9158893.799729586,3503454.358685675,POINT (-9158722.049423946 3503305.6185579402),-2.8710000000000004
717,Metcalf (2004),1.0,USGS,2324400.0,Fenholloway River near Foley FL,USA,FL,30.0981,-83.4719,155.4,7.02,8.9,6.1,1.46,0.00197,1.31,,,8128737.0,2.336,1.689,3.607,1.0,512.5380819216371,-9292049.403547052,3516165.926637974,-9292049.403547052,3516678.4647198957,POINT (-9292049.403547052 3516165.926637974),-3.4129999999999994
678,Metcalf (2004),1.0,USGS,2326000.0,Econfina River near Perry FL,USA,FL,30.1706,-83.8239,512.8,10.62,26.2,11.7,2.23,0.00051,1.35,,,8127804.0,6.951,5.213,10.694,1.0,112.2874496910858,-9331233.864306284,3525497.785796388,-9331318.8076706,3525571.2234993526,POINT (-9331233.864306284 3525497.785796388),0.07400000000000162
696,Metcalf (2004),1.0,USGS,2329600.0,Little River near Midway FL,USA,FL,30.5122,-84.5236,789.9,35.68,66.7,29.1,2.29,0.0012,0.86,,,8121553.0,11.14,7.326,18.901,1.0,76.06831861287355,-9409124.112014338,3569559.752372197,-9409048.043695726,3569559.752372197,POINT (-9409124.112014338 3569559.752372197),-16.779
725,Metcalf (2004),1.0,USGS,2366996.0,Alaqua Creek near Portland FL,USA,FL,30.6689,-86.1867,216.8,16.76,36.9,15.2,2.44,0.004,0.48,,,8118482.0,2.287,1.543,3.453,1.0,95.64919295992644,-9594259.55715263,3589823.7476327503,-9594187.041367704,3589886.1193334674,POINT (-9594259.55715263 3589823.7476327503),-13.307000000000002
714,Metcalf (2004),1.0,USGS,2367310.0,Juniper Creek near Niceville FL,USA,FL,30.5572,-86.5197,71.5,7.19,10.3,11.0,0.94,0.00128,0.43,,,8120674.0,1.655,1.156,2.52,1.0,105.75351616181433,-9631328.947586792,3575375.671970604,-9631223.19407063,3575375.671970604,POINT (-9631328.947586792 3575375.671970604),-4.67
705,Metcalf (2004),1.0,USGS,2368999.9999999995,Shoal River Near Crestview FL,USA,FL,30.6972,-86.5708,1227.7,75.04,81.9,40.6,2.01,0.0012,0.45,,,8117876.0,24.279,15.597,34.757,1.0,118.16648587982591,-9637017.373566328,3593486.921664172,-9637106.970545474,3593409.8781718253,POINT (-9637017.373566328 3593486.921664172),-40.28300000000001
687,Metcalf (2004),1.0,USGS,2370500.0,Big Coldwater Creek near Milton FL,USA,FL,30.7083,-86.9722,613.8,37.66,52.4,35.5,1.46,0.0006,0.3,,,8118145.0,12.719,8.324,20.934,1.0,118.18079477498519,-9681701.017170748,3594924.007554535,-9681611.403585097,3595001.0536804623,POINT (-9681701.017170748 3594924.007554535),-16.725999999999996
747,Mulvihill et al (2005),4.0,USGS,3010734.0,Ischua Creek Tributary near Machias,USA,NY,42.4078,-78.5256,13.3,2.5,7.8,12.6,0.6,0.001,0.2,,,7831727.0,0.271,0.073,1.132,1.0,379.09496869029033,-8741429.806236282,5222263.005396144,-8741124.838008903,5222037.8224137155,POINT (-8741429.806236282 5222263.005396144),-1.368
201,Chaplin (2005),1.0,USGS,3011800.0000000005,Kinzua Creek near Guffey Pa.,USA,PA,41.7664,-78.7189,120.18,25.2,16.4,19.1,0.86,0.004,86.1,177.0,,7849086.0,2.057,0.576,8.612,1.0,223.08408347189217,-8762947.863806624,5126051.272258753,-8762769.04212619,5126184.648849297,POINT (-8762947.863806624 5126051.272258753),-16.588
782,Mulvihill et al (2005),15.0,USGS,3012999.9999999995,Conewango Creek at Waterboro,USA,NY,42.1708,-79.0692,751.1,79.9,39.6,63.1,0.6,0.002,55.4,,,7837663.0,11.672,3.791,45.479,1.0,317.92647215817124,-8801943.081431506,5186598.891980435,-8801943.081431506,5186916.818452593,POINT (-8801943.081431506 5186598.891980435),-34.42100000000001
774,Mulvihill et al (2005),7.0,USGS,3013799.9999999995,Ball Creek at Stow,USA,NY,42.1536,-79.4072,23.5,16.4,14.2,26.2,0.5,0.002,19.0,,,7838360.0,0.35,0.143,1.21,1.0,152.0330524194137,-8839569.069319634,5184015.820843841,-8839691.202884017,5184106.360567052,POINT (-8839569.069319634 5184015.820843841),-15.189999999999998
154,Chaplin (2005),1.0,USGS,3021410.0,West Branch French Creek near Lowville Pa.,USA,PA,42.0817,-79.8506,135.46,27.8,29.0,19.3,1.53,0.001,15.8,36.8,,7840699.0,1.66,0.741,5.274,1.0,762.5385118294507,-8888928.13153737,5173225.575166598,-8888165.593025541,5173225.575166598,POINT (-8888928.13153737 5173225.575166598),-22.526
204,Chaplin (2005),1.0,USGS,3022540.0,Woodcock Creek at Blooming Valley Pa.,USA,PA,41.6906,-80.0483,80.29,30.0,16.7,22.3,0.76,0.004,110.0,220.0,3.4 mi upstream from Woodcock Creek Dam.,7851224.0,1.833,0.798,5.713,1.0,124.87104203239805,-8910935.994867202,5114744.910630632,-8910835.941445176,5114670.19724576,POINT (-8910935.994867202 5114744.910630632),-24.287
244,Chaplin (2005),1.0,USGS,3026500.0,Sevenmile Run near Rasselas Pa.,USA,PA,41.6311,-78.5769,20.31,7.1,7.5,10.9,0.7,0.009,73.5,162.0,,7852867.0,0.411,0.121,1.679,1.0,22.340250098146498,-8747140.496113976,5105879.194589258,-8747140.496113976,5105901.534839356,POINT (-8747140.496113976 5105879.194589258),-5.420999999999999
180,Chaplin (2005),1.0,USGS,3028000.0,West Branch Clarion River at Wilcox Pa.,USA,PA,41.5781,-78.6925,163.17,50.7,29.3,29.6,0.9,0.003,67.0,139.0,,7854545.0,1.211,0.385,4.843,1.0,202.0357196239707,-8760009.02924968,5097988.890738218,-8760170.808071433,5097867.8698935835,POINT (-8760009.02924968 5097988.890738218),-45.857
157,Chaplin (2005),1.0,USGS,3034500.0,Little Mahoning Creek at McCormick Pa.,USA,PA,40.8361,-79.1103,226.36,59.3,47.7,30.5,1.55,0.001,67.5,152.0,,7874536.0,5.12,2.033,16.123,1.0,319.59147954905995,-8806518.312503109,4988196.426630236,-8806773.180031251,4988389.251050108,POINT (-8806518.312503109 4988196.426630236),-43.17699999999999
275,Chaplin (2005),1.0,USGS,3039925.0,North Fork Bens Creek at North Fork Pa.,USA,PA,40.2661,-79.0169,8.94,2.0,3.1,8.3,0.38,0.031,81.7,185.0,,7889482.0,0.341,0.137,1.189,1.0,221.26004011835903,-8796121.072063018,4904686.88966539,-8796121.072063018,4904465.629625272,POINT (-8796121.072063018 4904686.88966539),-0.8109999999999999
248,Chaplin (2005),1.0,USGS,3049799.9999999995,Little Pine Creek near Etna Pa.,USA,PA,40.5203,-79.9383,14.97,5.7,3.0,5.5,0.55,0.011,20.7,66.7,,7883056.0,0.275,0.103,0.964,1.0,23.587717878515303,-8898690.850879941,4941841.440326384,-8898672.072980268,4941827.165491234,POINT (-8898690.850879941 4941841.440326384),-4.736000000000001
164,Chaplin (2005),1.0,USGS,3072880.0,Browns Creek near Nineveh Pa.,USA,PA,39.9406,-80.2892,45.32,17.0,16.2,17.5,0.93,0.001,14.5,32.2,,7898168.0,0.405,0.152,1.389,1.0,42.67247156985104,-8937752.8601993,4857314.184154619,-8937795.53267087,4857314.184154619,POINT (-8937752.8601993 4857314.184154619),-15.611
585,McCandless (2003a),1.0,USGS,3075600.0,Toliver Run Trib. near Hoyes Run,USA,MD,39.4942,-79.4206,1.3,0.7,0.7,2.0,0.2,0.023,2.0,,,7909737.0,0.129,0.056,0.422,1.0,202.69298071595514,-8841060.75049626,4792710.74896849,-8840900.28149163,4792586.9178618,POINT (-8841060.75049626 4792710.74896849),-0.27799999999999997
578,McCandless (2003a),1.0,USGS,3076600.0000000005,Bear Creek at Friendsville,USA,MD,39.6561,-79.3939,126.7,32.1,19.3,14.2,0.9,0.021,152.0,,,7905530.0,2.559,1.088,8.528,1.0,394.0152598893623,-8838088.520092083,4816092.7964708,-8837776.309693893,4816333.15597714,POINT (-8838088.520092083 4816092.7964708),-23.572000000000003
556,McCandless (2003a),1.0,USGS,3078000.0,Casselman River at Grantsville,USA,MD,39.7019,-79.1364,161.9,47.8,37.4,25.8,1.0,0.004,86.0,,,7904797.0,3.1,1.317,10.389,1.0,70.57155694106633,-8809423.751212813,4822717.290050548,-8809367.818438588,4822674.2566981735,POINT (-8809423.751212813 4822717.290050548),-37.411
551,McCandless (2003a),1.0,USGS,3078500.0,Big Piney Run near Salisbury,USA,PA,39.7261,-79.0486,63.5,21.7,16.4,13.0,0.9,0.004,119.0,,,7903714.0,0.994,0.415,3.367,1.0,76.06831860356033,-8799649.899921164,4826219.343553957,-8799573.83160256,4826219.343553957,POINT (-8799649.899921164 4826219.343553957),-18.333
183,Chaplin (2005),1.0,USGS,3080000.0,Laurel Hill Creek at Ursina Pa.,USA,PA,39.8203,-79.3217,313.39,91.3,56.3,49.1,1.15,0.003,67.2,187.0,,7901451.0,6.161,2.509,21.096,1.0,29.425668608795018,-8830051.25285681,4839863.024068229,-8830027.916063813,4839845.100227521,POINT (-8830051.25285681 4839863.024068229),-70.204
171,Chaplin (2005),1.0,USGS,3102500.0,Little Shenango River at Greenville Pa.,USA,PA,41.4219,-80.3764,269.36,58.9,38.0,22.1,1.72,0.002,52.3,175.0,,7859196.0,5.07,2.167,15.764,1.0,29.689237801358914,-8947459.919796474,5074772.407048338,-8947436.166930519,5074790.21862323,POINT (-8947459.919796474 5074772.407048338),-43.135999999999996
967,Sherwood and Huitger (2005),1.0,USGS,3114240.0,Wood Run near Woodsfield,USA,OH,39.7822,-81.0558,1.4,5.4,3.8,7.6,0.5,0.0397,51.83,196.68,,7902463.0,1.506,0.56,4.917,1.0,146.44654082009217,-9023090.381841425,4834342.471106597,-9023140.47561238,4834204.8585947035,POINT (-9023090.381841425 4834342.471106597),-0.48300000000000054
961,Sherwood and Huitger (2005),1.0,USGS,3139980.0,Little Mill Creek near Coshocton,USA,OH,40.3842,-81.8178,10.4,11.8,7.2,10.1,0.7,0.00489,28.72,86.24,,7886960.0,0.248,0.099,0.819,1.0,431.1119549749419,-9107915.8338259,4921931.259364379,-9107915.8338259,4921500.147409404,POINT (-9107915.8338259 4921931.259364379),-10.981000000000002
963,Sherwood and Huitger (2005),1.0,USGS,3139990.0,Little Mill Creek near Coshocton,USA,OH,40.3642,-81.8389,18.5,11.0,10.5,10.8,1.0,0.00598,29.17,109.27,,7886960.0,0.248,0.099,0.819,1.0,94.49423266731885,-9110264.675081637,4919008.836221348,-9110339.840119094,4919066.102067639,POINT (-9110264.675081637 4919008.836221348),-10.181000000000001
955,Sherwood and Huitger (2005),1.0,USGS,3156999.9999999995,Clear Creek near Rockbridge,USA,OH,39.5883,-82.5786,230.5,77.3,46.4,21.9,2.1,0.00111,31.23,137.57,,7907356.0,2.456,0.899,7.781,1.0,185.37930494360626,-9192607.702421421,4806294.28466482,-9192607.702421421,4806479.663969764,POINT (-9192607.702421421 4806294.28466482),-69.51899999999999
956,Sherwood and Huitger (2005),1.0,USGS,3201799.9999999995,Sandy Run near Lake Hope,USA,OH,39.3336,-82.3322,12.9,9.4,8.0,9.6,0.8,0.00137,5.54,12.67,,7914203.0,0.262,0.089,0.834,1.0,76.33346016541692,-9165178.579889959,4769570.1886979705,-9165238.961345188,4769616.888558839,POINT (-9165178.579889959 4769570.1886979705),-8.566
953,Sherwood and Huitger (2005),1.0,USGS,3237500.0,Ohio Brush Creek near West Union,USA,OH,38.8036,-83.4211,1002.3,410.6,234.8,63.8,3.7,0.00064,37.93,97.22,,7927647.0,13.136,5.006,37.54,1.0,26.344215840501256,-9286394.373414753,4693577.876000219,-9286415.15301833,4693594.069387248,POINT (-9286394.373414753 4693577.876000219),-373.06
968,Sherwood and Huitger (2005),1.0,USGS,3238599.9999999995,Higgins Run near Higginsport,USA,OH,38.8194,-83.9578,1.4,20.1,7.5,12.1,0.6,0.05042,94.86,269.68,,7927533.0,8.396,3.378,23.514,1.0,172.54521063528955,-9346139.544123504,4695835.089129614,-9345966.998912869,4695835.089129614,POINT (-9346139.544123504 4695835.089129614),3.413999999999998
11,Agourdis et al (2011) and Brockman (2010),1.0,USGS,3238745.0,Twelvemile Creek at Hwy 1997,USA,KY,38.9514,-84.3383,,38.2,29.7,12.13,1.2,0.0025,131.7,,,7923371.0,1.481,0.585,3.938,1.0,97.81495628599077,-9388496.610370345,4714712.428536599,-9388496.610370345,4714810.243492885,POINT (-9388496.610370345 4714712.428536599),-34.262
72,Agourdis et al (2011) and Brockman (2010),1.0,USGS,3238772.0,Fourmile Creek at Polar Bridge,USA,KY,38.9867,-84.3653,,4.4,4.1,8.0,0.5,0.0184,60.7,,,7922390.0,0.317,0.126,0.876,1.0,79.77896830812097,-9391502.236621764,4719766.640715077,-9391422.457653455,4719766.640715077,POINT (-9391502.236621764 4719766.640715077),-3.5240000000000005
966,Sherwood and Huitger (2005),1.0,USGS,3242100.0,Wayne Creek at Waynesville,USA,OH,39.5189,-84.0797,2.6,7.9,3.5,6.3,0.6,0.02659,48.98,145.69,,7909307.0,13.124,5.931,40.476,1.0,857.9208389130903,-9359709.390051205,4796274.464651848,-9360388.672951497,4796798.4903260395,POINT (-9359709.390051205 4796274.464651848),32.576
65,Agourdis et al (2011) and Brockman (2010),1.0,USGS,3254480.0,Cruises Creek at Hwy 17,USA,KY,38.8444,-84.5322,,10.6,14.8,12.7,0.9,0.0056,59.5,,,7926054.0,0.867,0.33,2.337,1.0,502.641243474558,-9410081.45963516,4699407.6522923,-9410081.45963516,4699910.293535775,POINT (-9410081.45963516 4699407.6522923),-8.263
59,Agourdis et al (2011) and Brockman (2010),1.0,USGS,3254550.0,Banklick Creek at Hwy 1829,USA,KY,38.9806,-84.5417,,21.2,21.4,12.1,1.0,0.0051,83.1,,,7922604.0,1.126,0.434,3.115,1.0,128.90017506523057,-9411138.994797697,4718893.069884363,-9411037.227284694,4718813.958390703,POINT (-9411138.994797697 4718893.069884363),-18.085
69,Agourdis et al (2011) and Brockman (2010),1.0,USGS,3262001.0,Woolper Creek at Woolper Rd.,USA,KY,39.03,-84.8042,,15.3,15.8,12.9,0.9,0.0071,45.5,,,7921322.0,0.827,0.318,2.381,1.0,179.12933357805014,-9440360.36113093,4725969.7266431935,-9440360.36113093,4726148.855976772,POINT (-9440360.36113093 4725969.7266431935),-12.919
954,Sherwood and Huitger (2005),1.0,USGS,3264000.0,Greenville Creek near Bradford,USA,OH,46.1022,-84.43,499.9,70.5,59.6,43.4,1.4,0.00105,27.86,75.67,,7718552.0,0.509,0.286,1.209,1.0,18.730522419326007,-9398704.607676087,5796741.994826585,-9398704.607676087,5796723.264304166,POINT (-9398704.607676087 5796741.994826585),-69.291
32,Agourdis et al (2011) and Brockman (2010),1.0,USGS,3277075.0,Gunpowder Creek at Camp Ernst Rd.,USA,KY,38.9942,-84.7161,,46.4,26.1,12.12,1.0,0.0035,84.8,,,7923553.0,1.697,0.648,4.776,1.0,93.76454301069643,-9430553.113992043,4720840.806394755,-9430479.080541238,4720898.346273865,POINT (-9430553.113992043 4720840.806394755),-41.623999999999995
64,Agourdis et al (2011) and Brockman (2010),1.0,USGS,3277130.0,Mud Lick Creek at Hwy 42,USA,KY,38.845,-84.7208,,57.8,48.7,12.11,1.5,0.0053,78.7,,,7925963.0,1.331,0.501,3.623,1.0,178.6594708720222,-9431076.315598771,4699493.409230009,-9431076.315598771,4699314.749759137,POINT (-9431076.315598771 4699493.409230009),-54.177
10,Agourdis et al (2011) and Brockman (2010),1.0,USGS,3284530.0,East Hickman Creek at Delong Rd.,USA,KY,37.9497,-87.4553,,7.5,9.9,11.5,0.9,0.0025,53.4,,,7948649.0,0.272,0.101,0.573,1.0,924.7026853738353,-9735479.463172978,4572322.544699852,-9735479.463172978,4573247.247385226,POINT (-9735479.463172978 4572322.544699852),-6.927
31,Agourdis et al (2011) and Brockman (2010),1.0,USGS,3284555.0,West Hickman Creek at Ash Grove Pk.,USA,KY,37.9344,-84.5022,,12.9,13.8,17.8,0.8,0.0034,144.3,,,7948941.0,0.839,0.31,1.831,1.0,78.6659534300909,-9406741.874911362,4570162.8733061515,-9406803.640898911,4570211.589781919,POINT (-9406741.874911362 4570162.8733061515),-11.069
70,Agourdis et al (2011) and Brockman (2010),1.0,USGS,3287580.0,North Elkhorn Creek at Man O War Rd.,USA,KY,38.0283,-84.4019,,1.7,3.1,5.9,0.5,0.0073,30.1,,,7945774.0,0.185,0.068,0.408,1.0,754.7664441878314,-9395576.529984796,4583424.425473319,-9395828.85416402,4584135.76568296,POINT (-9395576.529984796 4583424.425473319),-1.292
34,Agourdis et al (2011) and Brockman (2010),1.0,USGS,3287590.0,North Elkhorn Creek at Winchester Rd.,USA,KY,38.04,-84.4111,,2.1,4.7,8.4,0.6,0.0046,30.8,,,7945774.0,0.185,0.068,0.408,1.0,76.06831861659884,-9396600.669300094,4585078.013398708,-9396524.600981478,4585078.013398708,POINT (-9396600.669300094 4585078.013398708),-1.6920000000000002
28,Agourdis et al (2011) and Brockman (2010),1.0,USGS,3287600.0,North Elkhorn Creek at Bryan Station Rd.,USA,KY,38.0736,-84.4133,,7.6,14.6,17.3,0.9,0.0032,62.3,,,7944852.0,0.968,0.355,2.145,1.0,192.43368530745667,-9396845.57217984,4589828.248166803,-9396694.36754963,4589947.277083642,POINT (-9396845.57217984 4589828.248166803),-5.455
73,Brockman (2010),1.0,USGS,3288000.0,North Elkhorn Creek near Georgetown,USA,KY,38.2056,-84.5136,,,,,1.3,0.0008,79.2,,,7941800.0,4.958,1.815,11.187,1.0,142.96443636866996,-9408010.917106405,4608511.050044336,-9408123.327332634,4608599.3833399005,POINT (-9408010.917106405 4608511.050044336),
71,Agourdis et al (2011) and Brockman (2010),1.0,USGS,3288500.0,Cave Creek near Fort Springs,USA,KY,38.0208,-84.5939,,1.8,2.1,5.3,0.4,0.0074,38.5,,,7946083.0,0.182,0.067,0.4,1.0,368.48522995041617,-9416949.872217106,4582364.572112329,-9417165.0898994,4582663.67529506,POINT (-9416949.872217106 4582364.572112329),-1.4
18,Agourdis et al (2011) and Brockman (2010),1.0,USGS,3288999.9999999995,South Elkhorn Creek at Fort Springs,USA,KY,38.0597,-84.6264,,15.4,11.8,16.5,0.7,0.0028,194.0,,,7945184.0,1.821,0.669,4.004,1.0,486.87801005007486,-9420567.755667888,4587862.856785758,-9420950.294703014,4588164.0445731515,POINT (-9420567.755667888 4587862.856785758),-11.396
41,Agourdis et al (2011) and Brockman (2010),1.0,USGS,3289193.0,Wolf Run at Old Frankfort Pk.,USA,KY,38.0667,-84.5544,,11.9,9.2,11.6,0.8,0.005,104.1,,,7945185.0,0.399,0.147,0.881,1.0,257.89015357755125,-9412552.75233077,4588852.575554918,-9412294.862177193,4588852.575554918,POINT (-9412552.75233077 4588852.575554918),-11.019
21,Agourdis et al (2011) and Brockman (2010),1.0,USGS,3289200.0,Town Branch at Yarnallton Rd.,USA,KY,38.1036,-84.5881,,30.6,21.9,21.9,1.0,0.0029,130.7,,,7944362.0,1.406,0.515,3.125,1.0,374.89313267264515,-9416304.219170503,4594071.373523759,-9416304.219170503,4594446.266656431,POINT (-9416304.219170503 4594071.373523759),-27.475
63,Agourdis et al (2011) and Brockman (2010),1.0,USGS,3292474.0,Goose Creek at Old Westport Rd.,USA,KY,38.2758,-85.6061,,4.7,6.8,9.5,0.7,0.0053,56.4,,,7940215.0,0.23,0.078,0.539,1.0,968.97792517188,-9529627.460798057,4618460.701348912,-9528865.305249026,4617862.339302529,POINT (-9529627.460798057 4618460.701348912),-4.1610000000000005
67,Agourdis et al (2011) and Brockman (2010),1.0,USGS,3292480.0,Little Goose Creek near Harrods Creek,USA,KY,38.3125,-85.6258,,7.7,10.9,13.7,0.8,0.0061,82.8,,,7939227.0,0.368,0.125,0.867,1.0,295.57325799856335,-9531820.454766683,4623666.128323449,-9531820.454766683,4623961.701581447,POINT (-9531820.454766683 4623666.128323449),-6.833
33,Agourdis et al (2011) and Brockman (2010),1.0,USGS,3292999.9999999995,Middle Fork Beargrass Creek at Old Cannons Ln.,USA,KY,38.2372,-85.6647,,15.0,16.0,12.8,1.0,0.0037,39.6,,,7940957.0,1.115,0.378,2.588,1.0,252.74174732062966,-9536150.782958543,4612988.6215916285,-9536150.782958543,4612735.879844308,POINT (-9536150.782958543 4612988.6215916285),-12.411999999999999
50,Agourdis et al (2011) and Brockman (2010),1.0,USGS,3297799.9999999995,Cedar Creek at Hwy 1442,USA,KY,37.9911,-85.6411,,9.7,8.9,12.6,0.7,0.005,47.7,,,7946920.0,0.399,0.137,0.871,1.0,214.22592263203114,-9533523.642975822,4578168.617642962,-9533523.642975822,4577954.39172033,POINT (-9533523.642975822 4578168.617642962),-8.828999999999999
6,Agourdis et al (2011) and Brockman (2010),1.0,USGS,3298000.0,Floyd's Fork at Fisherville,USA,KY,38.1883,-85.4603,,92.6,82.1,12.14,2.2,0.001,87.2,,,7942201.0,0.178,0.062,0.407,1.0,181.76123774424195,-9513397.079040397,4606060.5446695555,-9513397.079040397,4606242.3059073,POINT (-9513397.079040397 4606060.5446695555),-92.193
62,Agourdis et al (2011) and Brockman (2010),1.0,USGS,3298135.0,Chenoweth Run at Ruckriegel Pky.,USA,KY,38.1947,-85.5572,,4.7,6.3,13.6,0.5,0.0053,45.0,,,7943497.0,0.552,0.189,1.262,1.0,105.75351615808904,-9524183.937698264,4606967.022163372,-9524078.184182106,4606967.022163372,POINT (-9524183.937698264 4606967.022163372),-3.438
354,Keaton et al (2005),1.0,USGS,3475600.0,Cedar Creek near Meadowview. Va.,USA,VA,36.7472,-81.8556,133.4,34.3,23.9,27.1,0.9,0.0073,51.4,123.0,,7977869.0,0.343,0.169,0.802,1.0,505.14714659786716,-9112123.710577883,4403928.062552566,-9111964.152641177,4403448.776724953,POINT (-9112123.710577883 4403928.062552566),-33.498
345,Keaton et al (2005),1.0,USGS,3487800.0000000005,Lick Creek near Chatham Hill. Va.,USA,VA,36.9622,-81.4725,66.0,14.7,15.4,20.6,0.8,0.0036,63.6,120.0,,7971604.0,1.245,0.632,3.086,1.0,46.38312126509845,-9069477.21365498,4433839.263596796,-9069523.596776245,4433839.263596796,POINT (-9069477.21365498 4433839.263596796),-11.613999999999999
348,Keaton et al (2005),1.0,USGS,3489799.9999999995,Cove Creek near Shelleys. Va.,USA,VA,36.6536,-82.3544,44.8,9.2,9.9,11.2,0.9,0.0036,22.0,122.0,,7979442.0,0.958,0.448,2.125,1.0,69.46657686488453,-9167649.872585569,4390932.455764291,-9167595.68791574,4390975.925602765,POINT (-9167649.872585569 4390932.455764291),-7.074999999999999
353,Keaton et al (2005),1.0,USGS,3523000.0000000005,Big Cedar Creek near Lebanon. Va.,USA,VA,36.8914,-82.0389,8.8,1.1,1.5,3.0,0.5,0.0066,14.1,31.0,,7973648.0,0.352,0.16,0.831,1.0,252.85619050078094,-9132528.573240291,4423980.138896079,-9132528.573240291,4423727.282705578,POINT (-9132528.573240291 4423980.138896079),-0.26900000000000013
740,Mistak and Stille (2008),1.0,USGS,4060500.0,Iron River at Caspian MI,USA,MI,46.0586,-88.6272,238.5,6.4,14.1,14.9,0.9,0.0028,7.9,56.0,,7721383.0,2.503,1.943,4.174,1.0,155.47994306198015,-9865934.774433617,5789744.889335868,-9866062.512029331,5789833.529729231,POINT (-9865934.774433617 5789744.889335868),-2.226
737,Mistak and Stille (2008),1.0,USGS,4060933.0,Brule River near Florence WI,USA,WI,45.9608,-88.3158,899.8,38.2,32.5,33.9,1.0,0.0009,33.9,362.0,,7723645.0,10.026,8.243,12.972,1.0,61.38574689999223,-9831269.88500059,5774069.616506315,-9831269.88500059,5774008.230759415,POINT (-9831269.88500059 5774069.616506315),-25.228
739,Mistak and Stille (2008),1.0,USGS,4062200.0000000005,Peshekee River near Champion MI,USA,MI,46.5569,-88.0025,344.5,45.3,69.4,40.9,1.7,0.0018,37.1,77.0,,7703664.0,7.039,4.305,15.545,1.0,46.38312107697129,-9796393.488535058,5870046.417535747,-9796347.10541398,5870046.417535747,POINT (-9796393.488535058 5870046.417535747),-29.754999999999995
734,Mistak and Stille (2008),1.0,USGS,4065500.0,Sturgeon River near Foster City MI,USA,MI,45.9097,-87.7567,613.8,25.2,38.1,32.6,1.2,0.0002,0.8,14.0,,7725096.0,2.494,1.77,4.775,1.0,114.66009089164436,-9769031.157698069,5765890.371401864,-9769031.157698069,5766005.031492756,POINT (-9769031.157698069 5765890.371401864),-20.424999999999997
738,Mistak and Stille (2008),1.0,USGS,4065600.0,Pine Creek near Iron Mountain MI,USA,MI,45.9308,-87.9717,43.5,1.4,8.1,14.2,0.6,0.0012,0.1,0.9,,7725094.0,0.561,0.366,1.127,1.0,135.43871388584375,-9792964.848218625,5769266.797895972,-9793100.286932511,5769266.797895972,POINT (-9792964.848218625 5769266.797895972),-0.2729999999999999
949,Sherwood and Huitger (2005),1.0,USGS,4184999.9999999995,Tiffin River at Stryker,USA,OH,41.5044,-84.4297,1061.9,54.7,91.2,37.0,2.5,0.00012,0.21,3.49,,7856456.0,8.866,4.903,21.821,1.0,68.29710568681602,-9398671.21182885,5087027.656442022,-9398616.544227311,5086986.718098294,POINT (-9398671.21182885 5087027.656442022),-32.879000000000005
957,Sherwood and Huitger (2005),1.0,USGS,4196000.0,Sandusky River near Bucyrus,USA,OH,40.8036,-83.0058,230.0,45.6,39.4,29.7,1.3,0.00149,44.3,111.02,,7877109.0,2.497,1.087,6.96,1.0,94.6732847670018,-9240163.388888307,4983415.726943655,-9240087.902736707,4983358.587887265,POINT (-9240163.388888307 4983415.726943655),-38.64
962,Sherwood and Huitger (2005),1.0,USGS,4206220.0,Yellow Creek at Botzum,USA,OH,41.1631,-81.5839,79.5,35.4,20.8,19.3,1.1,0.00496,59.83,167.2,,7865988.0,0.856,0.387,2.794,1.0,219.3374512847513,-9081878.204929352,5036428.7236613715,-9081878.204929352,5036648.061112656,POINT (-9081878.204929352 5036428.7236613715),-32.606
952,Sherwood and Huitger (2005),1.0,USGS,4212100.0,Grand River near Painesville,USA,OH,41.7189,-81.2281,1774.1,300.2,178.0,96.0,1.9,0.00058,74.93,187.35,,7850777.0,22.825,10.131,73.387,1.0,77.31679607160787,-9042270.730105106,5118964.590888012,-9042208.768935325,5119010.836973188,POINT (-9042270.730105106 5118964.590888012),-226.813
256,Chaplin (2005),1.0,USGS,4213075.0,Brandy Run near Girard Pa.,USA,PA,41.9919,-80.2914,11.53,4.3,2.2,8.9,0.26,0.012,41.0,93.3,,7842676.0,0.108,0.048,0.317,1.0,348.2424859102443,-8937997.763079045,5159766.18054618,-8938027.448276693,5159419.205593145,POINT (-8937997.763079045 5159766.18054618),-3.9829999999999997
777,Mulvihill et al (2005),12.0,USGS,4215000.0,Cayuga Creek near Lancaster,USA,NY,42.89,-78.6453,249.7,89.2,45.8,32.9,1.4,0.002,89.6,,Damming activity listed,7818053.0,3.636,1.134,14.278,1.0,854.1847958435588,-8754754.74928424,5295243.684788868,-8754118.372861976,5295813.47134069,POINT (-8754754.74928424 5295243.684788868),-74.922
768,Mulvihill et al (2005),8.0,USGS,4216500.0,Little Tonawanda Creek at Linden,USA,NY,42.8769,-93.7833,57.2,9.9,12.7,13.6,0.9,0.001,18.3,,,7819622.0,0.38,0.165,0.851,1.0,692.0361676868051,-10439909.200912813,5293253.502266428,-10439217.164745126,5293253.502266428,POINT (-10439909.200912813 5293253.502266428),-9.049
864,Mulvihill et al (2006),25.0,USGS,4218000.0,Tonawanda Creek at Rapids,USA,NY,43.0931,-78.6364,903.9,117.2,107.8,50.6,2.1,0.001,18.4,,,7812657.0,16.425,5.126,64.78,1.0,29.965022784313348,-8753764.005816177,5326153.369460131,-8753739.806472726,5326135.697607737,POINT (-8753764.005816177 5326153.369460131),-52.42
848,Mulvihill et al (2005),3.0,USGS,4224807.0,Stony Brook Tributary at South Dansville,USA,NY,42.4711,-77.6722,8.2,4.4,2.1,6.3,0.3,0.014,37.2,,,7829236.0,0.137,0.043,0.54,1.0,226.9539665299425,-8646429.752793303,5231811.259789151,-8646612.39864841,5231945.976508738,POINT (-8646429.752793303 5231811.259789151),-3.8600000000000003
892,Mulvihill et al (2006),24.0,USGS,4230500.0,Oatka Creek at Garbutt,USA,NY,43.01,-77.7917,518.0,65.4,43.2,52.4,0.8,0.003,70.6,,,7815198.0,8.558,2.899,33.843,1.0,63.43145505525172,-8659732.431943102,5313494.072798351,-8659732.431943102,5313557.504253406,POINT (-8659732.431943102 5313494.072798351),-31.557000000000002
888,Mulvihill et al (2006),21.0,USGS,4232034.0,Irondequoit Creek at Railroad Mills near Fishers,USA,NY,43.0278,-77.4781,101.5,12.3,16.4,12.6,1.3,0.003,10.9,,,7814599.0,1.626,0.796,5.397,1.0,347.4809266987454,-8624822.639630329,5316204.248143872,-8625103.147681968,5315999.167117483,POINT (-8624822.639630329 5316204.248143872),-6.9030000000000005
937,Mulvihill et al (2006),16.0,USGS,4232071.0,Second Creek Tributary at Alton,USA,NY,43.21,-76.9919,2.8,1.3,1.9,3.6,0.5,0.007,0.5,,,7809680.0,0.419,0.206,1.29,1.0,170.9033395184142,-8570699.10320664,5343990.809174862,-8570560.989183024,5343890.149014227,POINT (-8570699.10320664 5343990.809174862),-0.010000000000000009
840,Mulvihill et al (2005),10.0,USGS,4232200.0,Catherine Creek at Montour Falls,USA,NY,42.3283,-76.8439,106.4,32.6,16.0,25.4,0.6,0.007,38.5,,,7834364.0,1.528,0.668,5.033,1.0,122.33286258691736,-8554223.818569236,5210284.760644367,-8554125.448827846,5210212.037035768,POINT (-8554223.818569236 5210284.760644367),-27.567
827,Mulvihill et al (2005),9.0,USGS,4233000.0,Cayuga Inlet near Ithaca,USA,NY,42.3931,-76.545,91.2,22.5,19.8,18.9,1.0,0.004,35.2,,,7831972.0,1.715,0.827,5.53,1.0,53.72547161907267,-8520950.422771124,5220047.017275482,-8520907.206111776,5220015.0994645385,POINT (-8520950.422771124 5220047.017275482),-16.97
940,Mulvihill et al (2006),22.0,USGS,4235250.0,Flint Creek at Phelps,USA,NY,42.9578,-77.0683,264.2,48.7,28.2,27.8,1.0,0.01,27.0,,,7816429.0,3.744,2.411,7.335,1.0,398.0185559326783,-8579203.912303245,5305550.780883502,-8579203.912303245,5305948.799439435,POINT (-8579203.912303245 5305550.780883502),-41.365
895,Mulvihill et al (2006),17.0,USGS,4235255.0,Canandaigua Outlet Tributary near Alloway,USA,NY,43.0058,-77.0147,7.6,2.2,2.5,4.5,0.5,0.004,0.1,,,7815421.0,0.295,0.149,0.885,1.0,68.501306027174,-8573237.187596725,5312854.7077585915,-8573237.187596725,5312923.209064619,POINT (-8573237.187596725 5312854.7077585915),-1.3150000000000002
904,Mulvihill et al (2006),20.0,USGS,4245200.0,Butternut Creek near Jamesville,USA,NY,42.9339,-76.0619,83.4,15.5,11.8,21.6,0.5,0.005,40.5,,,7817257.0,1.748,0.837,5.535,1.0,2.996910654105186,-8467171.976768894,5301916.158737131,-8467174.394860193,5301917.929134809,POINT (-8467171.976768894 5301916.158737131),-9.965
977,Wilkerson and Parker (2011),1.0,USGS,6446500.0,"White River at Interior, SD",USA,SD,43.6939,-101.9322,,,,,1.8,0.002,0.5,,,7796001.0,11.548,2.591,41.29,1.0,72.16872455927324,-11347040.59943812,5418194.054367956,-11346982.115833074,5418236.339031196,POINT (-11347040.59943812 5418194.054367956),
986,Wilkerson and Parker (2011),1.0,USGS,6821500.0,"Arikaree River at Haigler, NE",USA,NE,40.0292,-101.9675,,,,,0.9,0.002,0.25,,,7895940.0,0.53,0.154,1.972,1.0,438.98915305062826,-11350970.177463124,4870186.451652954,-11350621.629202487,4870453.332874668,POINT (-11350970.177463124 4870186.451652954),
995,Wilkerson and Parker (2011),1.0,USGS,6827500.0,"South Fork Republican River near Benkleman, NE",USA,NE,40.0103,-101.5419,,,,,0.7,0.002,0.48,,,7898545.0,0.141,0.035,0.639,1.0,16.95625448320061,-11303592.602181505,4867439.160341526,-11303592.602181505,4867456.11659601,POINT (-11303592.602181505 4867439.160341526),
970,Wilkerson and Parker (2011),1.0,USGS,6838000.000000001,"Red Willow Creek near Red Willow, NE",USA,NE,40.2347,-100.5008,,,,,2.2,0.001,0.11,,,7890546.0,1.061,0.293,3.785,1.0,50.038826806943256,-11187697.880316628,4900107.088733991,-11187737.654159566,4900076.72550613,POINT (-11187697.880316628 4900107.088733991),
472,Lawlor (2004),1.0,USGS,12300400.0,Cayuse Creek near Trego,USA,MT,48.6092,-115.0294,13.7011,0.5,0.43,2.7,0.2,0.035,31.0,,,7629939.0,0.175,0.067,0.403,1.0,721.7213652655482,-12805014.234255781,6208809.097254378,-12804292.512890516,6208809.097254378,POINT (-12805014.234255781 6208809.097254378),-0.09699999999999998
396,Lawlor (2004),1.0,USGS,12300800.0,Deep Creek near Fortine MT,USA,MT,48.7611,-114.8908,48.951,2.1,2.06,4.3,0.5,0.011,28.0,,,7624729.0,0.649,0.266,1.498,1.0,115.39409027434886,-12789585.352831837,6234421.853489783,-12789585.352831837,6234306.459399508,POINT (-12789585.352831837 6234421.853489783),-0.6020000000000001
469,Lawlor (2004),1.0,USGS,12301997.0,Richards Creek near Libby MT,USA,MT,48.2583,-115.1997,24.605,0.4,0.5,2.7,0.2,0.033,60.0,,,7643009.0,6.581,2.846,14.223,1.0,30.89113579292711,-12823971.94353788,6149934.835096412,-12823997.657115683,6149951.954506073,POINT (-12823971.94353788 6149934.835096412),13.823
476,Lawlor (2004),1.0,USGS,12302400.0,Shaughnessy Creek near Libby,USA,MT,48.3031,-115.5947,3.0044,0.8,0.82,3.0,0.3,0.049,14.0,,,7640886.0,1.096,0.342,2.969,1.0,170.13739835564047,-12867943.14240122,6157428.824380029,-12867943.14240122,6157258.686981673,POINT (-12867943.14240122 6157428.824380029),2.1689999999999996
440,Lawlor (2004),1.0,USGS,12302500.0,Granite Creek near Libby,USA,MT,48.3017,-115.5922,61.124,7.4,5.72,10.4,0.6,0.024,110.0,,,7640886.0,1.096,0.342,2.969,1.0,64.1492867199704,-12867664.843674239,6157194.537694953,-12867664.843674239,6157258.686981673,POINT (-12867664.843674239 6157194.537694953),-4.431000000000001
474,Lawlor (2004),1.0,USGS,12303100.0,Flower Creek near Libby,USA,MT,48.3447,-115.6064,28.749,3.7,4.07,7.6,0.5,0.042,100.0,,,7639089.0,0.752,0.236,2.012,1.0,159.11066598910838,-12869245.580443501,6164393.420410732,-12869245.580443501,6164234.309744743,POINT (-12869245.580443501 6164393.420410732),-1.6880000000000002
383,Lawlor (2004),1.0,USGS,12304040.0,Basin Creek near Yaak,USA,MT,48.9303,-115.4814,70.966,5.4,5.96,9.1,0.7,0.008,21.0,,,7619207.0,0.794,0.203,2.018,1.0,102.34809238820769,-12855330.644094342,6263043.026877798,-12855245.107445257,6263099.228422961,POINT (-12855330.644094342 6263043.026877798),-3.3820000000000006
447,Lawlor (2004),1.0,USGS,12304060.0,Blacktail Creek near Yaak,USA,MT,48.9506,-115.5419,22.4294,2.3,2.29,6.4,0.4,0.026,70.0,,,7618318.0,2.429,0.587,6.241,1.0,251.44507334940135,-12862065.473287335,6266483.400667266,-12862065.473287335,6266734.845740615,POINT (-12862065.473287335 6266483.400667266),3.941
437,Lawlor (2004),1.0,USGS,12304120.0,Zulu Creek near Yaak,USA,MT,48.7303,-115.6417,13.6493,1.2,1.18,4.3,0.3,0.022,39.0,,,7625593.0,0.186,0.051,0.473,1.0,160.3302438315004,-12873175.158468505,6229222.234400741,-12873175.158468505,6229382.564644572,POINT (-12873175.158468505 6229222.234400741),-0.727
376,Lawlor (2004),1.0,USGS,12324100.0,Racetrack Creek below Granite Creek near Anaconda,USA,MT,46.2789,-112.9192,102.305,7.8,4.96,7.6,0.7,0.007,5.2,,,7713437.0,0.731,0.257,1.286,1.0,125.15003608830243,-12570107.844783816,5825156.342109971,-12570210.798143791,5825085.186384953,POINT (-12570107.844783816 5825156.342109971),-6.513999999999999
361,Lawlor (2004),1.0,USGS,12324590.0,Little Blackfoot River near Garrison,USA,MT,46.5194,-112.7931,1054.13,26.0,13.94,17.4,0.8,0.003,27.0,,,7704210.0,4.409,1.424,8.57,1.0,568.9305797321722,-12556070.456994785,5863977.723711703,-12556070.456994785,5864546.654291435,POINT (-12556070.456994785 5863977.723711703),-17.43
399,Lawlor (2004),1.0,USGS,12324700.0,Clark Fork tributary near Drummond,USA,MT,46.6194,-113.0339,11.9399,1.7,0.33,2.7,0.1,0.012,0.062,,,7701174.0,0.075,0.026,0.145,1.0,168.83456108160317,-12582876.190377805,5880170.234387159,-12583045.024938887,5880170.234387159,POINT (-12582876.190377805 5880170.234387159),-1.555
369,Lawlor (2004),1.0,USGS,12329500.0,Flint Creek at Maxville,USA,MT,46.4636,-113.2403,538.72,9.8,11.06,13.7,0.8,0.003,28.0,,,7709418.0,2.39,0.908,4.342,1.0,79.77896836027503,-12605852.533277538,5854955.255142019,-12605772.754309177,5854955.255142019,POINT (-12605852.533277538 5854955.255142019),-5.458000000000001
427,Lawlor (2004),1.0,USGS,12330000.0,Boulder Creek at Maxville,USA,MT,46.4714,-113.2383,184.667,9.5,5.27,10.1,0.5,0.018,105.0,,,7706070.0,3.301,1.354,5.986,1.0,142.8600132279098,-12605629.89429595,5856215.904086038,-12605772.754309177,5856215.904086038,POINT (-12605629.89429595 5856215.904086038),-3.5140000000000002
462,Lawlor (2004),1.0,USGS,12331700.0,Edwards Gulch at Drummond,USA,MT,46.67,-113.1456,12.1471,0.4,0.46,1.9,0.2,0.031,0.062,,,7699340.0,0.089,0.031,0.175,1.0,97.92445909802811,-12595310.577499414,5888375.0399121735,-12595391.323245488,5888430.441393928,POINT (-12595310.577499414 5888375.0399121735),-0.22500000000000003
387,Lawlor (2004),1.0,USGS,12332000.000000002,Middle Fork Rock Creek near Philipsburg,USA,MT,46.1844,-113.5014,318.57,15.7,13.38,22.9,0.6,0.01,65.0,,,7718378.0,1.364,0.481,2.423,1.0,76.0683187507093,-12634918.052323662,5809948.851998461,-12634994.120642412,5809948.851998461,POINT (-12634918.052323662 5809948.851998461),-13.277
373,Lawlor (2004),1.0,USGS,12335500.0,Nevada Creek above Reservoir near Helmville,USA,MT,46.7778,-112.7678,300.44,5.5,5.11,11.6,0.5,0.004,9.0,,,7695581.0,1.726,0.57,3.502,1.0,229.6250562816021,-12553254.073877715,5905880.494737011,-12553064.61344439,5906010.234517637,POINT (-12553254.073877715 5905880.494737011),-1.9980000000000002
374,Lawlor (2004),1.0,USGS,12338600.0,Monture Creek at Lolo National Forest boundary near Ovando,USA,MT,47.0942,-113.1531,105.0,32.0,14.12,22.3,0.6,0.004,40.0,,,7684956.0,2.602,0.901,6.121,1.0,631.8769776758185,-12596145.473680364,5957463.487361336,-12596667.794934796,5957819.084074039,POINT (-12596145.473680364 5957463.487361336),-25.878999999999998
386,Lawlor (2004),1.0,USGS,12339300.0,Deer Creek near Seely Lake,USA,MT,47.21,-113.5414,51.282,3.5,1.91,6.4,0.3,0.008,32.5,,,7680332.0,0.625,0.221,1.276,1.0,68.2796992175281,-12639370.831955392,5976419.034036185,-12639370.831955392,5976487.313735402,POINT (-12639370.831955392 5976419.034036185),-2.224
372,Lawlor (2004),1.0,USGS,12339450.0,Clearwater River near Clearwater,USA,MT,47.0186,-113.3875,893.55,39.6,24.25,36.6,0.7,0.003,50.0,,,7687627.0,9.801,3.488,20.126,1.0,205.43188908071122,-12622238.762322308,5945110.594471696,-12622069.024201969,5945226.314960611,POINT (-12622238.762322308 5945110.594471696),-19.474
497,Lawlor (2004),1.0,USGS,12339900.0,West Twin Creek near Bonner,USA,MT,46.9125,-113.715,18.9847,2.7,3.73,5.8,0.7,0.05,80.0,,,7690819.0,0.168,0.057,0.35,1.0,46.383121117949486,-12658695.895557104,5927803.521933954,-12658649.512435986,5927803.521933954,POINT (-12658695.895557104 5927803.521933954),-2.35
526,Lawlor (2004),1.0,USGS,12340200.0,Marshall Creek near Missoula,USA,MT,46.8875,-115.9247,14.5817,0.3,0.21,1.3,0.2,0.06,45.0,,,7691658.0,0.205,0.073,0.544,1.0,662.3509701825678,-12904678.574363,5923730.50252427,-12904016.223392818,5923730.50252427,POINT (-12904678.574363 5923730.50252427),0.24400000000000005
417,Lawlor (2004),1.0,USGS,12342950.0,Trapper Creek near Conner,USA,MT,45.895,-114.1817,73.815,12.5,8.87,14.9,0.6,0.015,60.0,,,7725602.0,9.671,1.868,24.851,1.0,225.394811122758,-12710648.701910326,5763538.832817432,-12710833.70707733,5763667.580279787,POINT (-12710648.701910326 5763538.832817432),12.350999999999999
502,Lawlor (2004),1.0,USGS,12344300.0,Burke Gulch near Darby,USA,MT,46.0242,-114.1508,16.835,0.4,0.92,2.5,0.4,0.05,6.0,,,7721338.0,0.132,0.037,0.312,1.0,0.0030601623024508018,-12707208.929644814,5784228.13567019,-12707208.932158457,5784228.137415524,POINT (-12707208.929644814 5784228.13567019),-0.08800000000000002
430,Lawlor (2004),1.0,USGS,12346500.0,Skalkaho Creek near Hamilton,USA,MT,46.1606,-113.9442,227.402,10.6,6.06,10.1,0.6,0.02,160.0,,,7716749.0,1.799,0.535,3.849,1.0,29.464886464178562,-12684210.322846923,5806122.939999735,-12684210.322846923,5806093.475113271,POINT (-12684210.322846923 5806122.939999735),-6.7509999999999994
475,Lawlor (2004),1.0,USGS,12350500.0,Kootenai Creek near Stevensville,USA,MT,46.5367,-114.1594,74.851,19.0,3.54,9.1,0.4,0.047,165.0,,,7704337.0,0.739,0.216,1.761,1.0,24.454386579629798,-12708166.277265634,5866776.893715522,-12708146.129397683,5866763.034406737,POINT (-12708166.277265634 5866776.893715522),-17.239
388,Lawlor (2004),1.0,USGS,12351400.0,Eightmile Creek near Florence,USA,MT,46.6483,-113.9581,50.505,1.6,2.51,4.3,0.6,0.01,5.7,,,7700743.0,0.568,0.185,1.189,1.0,62.161527688615024,-12685757.663768949,5884855.438319813,-12685757.663768949,5884793.276792125,POINT (-12685757.663768949 5884855.438319813),-0.41100000000000003
375,Lawlor (2004),1.0,USGS,12352000.0,Lolo Creek above Sleeman Creek near Lolo,USA,MT,46.7439,-114.1433,647.5,32.3,9.57,17.4,0.5,0.004,80.0,,,7696706.0,7.072,2.037,17.164,1.0,24.367229209281504,-12706374.033463862,5900371.760778611,-12706374.033463862,5900347.393549401,POINT (-12706374.033463862 5900371.760778611),-15.135999999999996
515,Lawlor (2004),1.0,USGS,12352200.0,Hayes Creek near Missoula,USA,MT,46.8131,-114.0936,10.7744,0.4,0.84,2.5,0.3,0.051,15.0,,,7694454.0,0.089,0.028,0.195,1.0,99.01202358266914,-12700841.454771437,5911620.415228932,-12700858.152695099,5911522.821375851,POINT (-12700841.454771437 5911620.415228932),-0.20500000000000002
409,Lawlor (2004),1.0,USGS,12353820.0,Dry Creek near Superior,USA,MT,47.2214,-114.9731,119.917,4.0,2.92,7.3,0.4,0.013,52.0,,,7680480.0,1.514,0.371,4.186,1.0,122.79909950440363,-12798746.94692412,5978287.36008079,-12798848.532992627,5978356.352033395,POINT (-12798746.94692412 5978287.36008079),0.18599999999999994
410,Lawlor (2004),1.0,USGS,12353850.0,East Fork Timber Creek near Haugan,USA,MT,47.4131,-115.4133,7.0448,0.2,0.73,3.0,0.2,0.014,5.0,,,7673980.0,0.143,0.038,0.411,1.0,18.44721470487099,-12847749.786771322,6009765.117365876,-12847734.508890182,6009775.455938227,POINT (-12847749.786771322 6009765.117365876),0.21099999999999997
406,Lawlor (2004),1.0,USGS,12355349.999999998,Big Creek at Big Creek Ranger Station near Columbia Falls,USA,MT,48.6017,-114.1667,212.639,20.4,10.41,13.7,0.8,0.012,89.0,,,7630509.0,58.56,21.292,157.64,1.0,547.8269708986764,-12708978.909548426,6207546.476213102,-12708521.963786503,6207244.292559168,POINT (-12708978.909548426 6207546.476213102),137.23999999999998
389,Lawlor (2004),1.0,USGS,12369650.0,North Fork Lost Creek near Swan Lake,USA,MT,47.8847,-113.7989,33.67,6.8,6.64,7.9,0.8,0.01,215.0,,,7655926.0,1.121,0.515,2.599,1.0,810.6408598190174,-12668035.60083466,6087694.413663673,-12668035.60083466,6088505.054523492,POINT (-12668035.60083466 6087694.413663673),-4.201
456,Lawlor (2004),1.0,USGS,12374250.000000002,Mill Creek above Bassoo Creek near Niarada,USA,MT,47.8297,-114.6978,50.764,1.9,1.78,5.8,0.3,0.028,58.0,,,7658895.0,0.545,0.213,1.166,1.0,154.0426726098802,-12768100.691108732,6078569.601418181,-12768228.585632037,6078655.462561274,POINT (-12768100.691108732 6078569.601418181),-0.734
519,Lawlor (2004),1.0,USGS,12375900.0,South Crow Creek near Ronan,USA,MT,47.4914,-114.0264,19.6063,5.6,2.72,5.5,0.5,0.053,110.0,,,7670639.0,0.45,0.175,0.987,1.0,299.2846709024161,-12693360.784990128,6022655.181689209,-12693360.784990128,6022355.897018307,POINT (-12693360.784990128 6022655.181689209),-4.6129999999999995
420,Lawlor (2004),1.0,USGS,12377150.0,Mission Creek above reservoir near St. Ignatius,USA,MT,47.3228,-113.9792,32.116,13.6,8.8,11.9,0.7,0.016,35.0,,,7676953.0,0.683,0.247,1.405,1.0,19.159045916050673,-12688106.505024688,5994923.337872326,-12688106.505024688,5994942.496918242,POINT (-12688106.505024688 5994923.337872326),-12.195
459,Lawlor (2004),1.0,USGS,12383500.0,Big Knife Creek near Arlee,USA,MT,47.1472,-113.9744,17.8192,1.4,1.68,4.6,0.4,0.028,22.6,,,7682476.0,0.243,0.082,0.49,1.0,202.54827525590073,-12687572.17146888,5966134.0439349385,-12687407.04755758,5966251.346525387,POINT (-12687572.17146888 5966134.0439349385),-0.9099999999999999
461,Lawlor (2004),1.0,USGS,12387450.0,Valley Creek near Arlee,USA,MT,47.1703,-114.2306,39.627,1.7,2.29,4.6,0.5,0.03,60.0,,,7682335.0,0.542,0.174,1.165,1.0,82.83764308755981,-12716092.225010116,5969915.802918655,-12716023.715917822,5969869.23491048,POINT (-12716092.225010116 5969915.802918655),-0.5349999999999999
473,Lawlor (2004),1.0,USGS,12388400.0,Revais Creek below West Fork near Dixon,USA,MT,47.2661,-114.4067,60.606,5.9,3.44,6.7,0.5,0.035,100.0,,,7678929.0,0.773,0.246,1.69,1.0,50.0937708131969,-12735695.58733881,5985617.043494901,-12735645.493567998,5985617.043494901,POINT (-12735695.58733881 5985617.043494901),-4.210000000000001
460,Lawlor (2004),1.0,USGS,12391100.0,White Pine Creek near Trout Creek,USA,MT,47.7392,-115.6736,22.6625,3.7,3.47,7.9,0.4,0.028,58.0,,,7662003.0,1.045,0.295,3.069,1.0,63.45312603376806,-12876726.250224808,6063576.159863148,-12876726.250224808,6063639.612989182,POINT (-12876726.250224808 6063576.159863148),-0.6310000000000002
934,Mulvihill et al (2006),19.0,USGS,422026250.0,Northrup Creek at North Greece,USA,NY,43.2536,-77.7422,26.2,12.4,8.5,11.9,0.7,0.006,54.5,,,7809204.0,0.329,0.15,1.15,1.0,377.93605584316833,-8654222.117148831,5350652.360352322,-8654527.6116277,5350874.866050423,POINT (-8654222.117148831 5350652.360352322),-11.25
885,Mulvihill et al (2006),18.0,USGS,423204920.0,East Branch Allen Creek at Pittsford,USA,NY,43.1031,-77.5333,24.6,3.4,6.7,7.6,0.9,0.003,4.8,,,7813273.0,0.405,0.195,1.368,1.0,228.20495601929724,-8630967.475522118,5327677.907778193,-8630739.270566098,5327677.907778193,POINT (-8630967.475522118 5327677.907778193),-2.032
854,Mulvihill et al (2006),23.0,USGS,423205010.0,Irondequoit Creek above Blossom Road near Rochester,USA,NY,43.145,-77.5122,367.8,29.7,29.0,19.0,1.5,0.0005,0.1,,,7811251.0,4.938,2.399,16.412,1.0,422.6710676798408,-8628618.63426638,5334068.432662107,-8628277.193911053,5334317.569803473,POINT (-8628618.63426638 5334068.432662107),-13.288
